FIPS,Name of Area,Qualifying Name,State/U.S.-Abbreviation (USPS),Summary Level,Geographic Component,File Identification,Logical Record Number,US,Region,Division,State (Census Code),State (FIPS),County,County Subdivision (FIPS),Place (FIPS Code),Place (State FIPS + Place FIPS),Census Tract,Block Group,Consolidated City,American Indian Area/Alaska Native Area/Hawaiian Home Land (Census),American Indian Area/Alaska Native Area/Hawaiian Home Land (FIPS),American Indian Trust Land/Hawaiian Home Land Indicator,American Indian Tribal Subdivision (Census),American Indian Tribal Subdivision (FIPS),Alaska Native Regional Corporation (FIPS),Metropolitan and Micropolitan Statistical Area,Combined Statistical Area,Metropolitan Division,Metropolitan Area Central City,Metropolitan/Micropolitan Indicator Flag,New England City and Town Combined Statistical Area,New England City and Town Area,New England City and Town Area Division,Urban Area,Urban Area Central Place,Current Congressional District ***,State Legislative District Upper,State Legislative District Lower,Voting District,ZIP Code Tabulation Area (3-digit),ZIP Code Tabulation Area (5-digit),Subbarrio (FIPS),School District (Elementary),School District (Secondary),School District (Unified),Urban/Rural,Principal City Indicator,Traffic Analysis Zone,Urban Growth Area,Public Use Microdata Area - 5% File,Public Use Microdata Area - 1% File,Geographic Identifier,Tribal Tract,Tribal Block Group,Area (Land),Area (Water),Total Population,Total Population,Population Density (Per Sq. Mile),Area (Land),Total Population:,Total Population: Male,Total Population: Female,Total Population:,Total Population: Under 5 Years,Total Population: 5 to 9 Years,Total Population: 10 to 14 Years,Total Population: 15 to 17 Years,Total Population: 18 to 24 Years,Total Population: 25 to 34 Years,Total Population: 35 to 44 Years,Total Population: 45 to 54 Years,Total Population: 55 to 64 Years,Total Population: 65 to 74 Years,Total Population: 75 to 84 Years,Total Population: 85 Years and Over,Total Population:,Total Population: White Alone,Total Population: Black or African American Alone,Total Population: American Indian and Alaska Native Alone,Total Population: Asian Alone,Total Population: Native Hawaiian and Other Pacific Islander Alone,Total Population: Some Other Race Alone,Total Population: Two or More Races,Households:,Households: Family Households,Households: Family Households: Married-Couple Family,Households: Family Households: Other Family,"Households: Family Households: Other Family: Male Householder, No Wife Present","Households: Family Households: Other Family: Female Householder, No Husband Present",Households: Nonfamily Households,Households: Nonfamily Households: Male Householder,Households: Nonfamily Households: Female Householder,Median Household Income (In 2017 Inflation Adjusted Dollars),Housing Units,Occupied Housing Units:,Occupied Housing Units: Owner Occupied,Occupied Housing Units: Renter Occupied,Population for Whom Poverty Status Is Determined:,Population for Whom Poverty Status Is Determined: Under 1.00 (Doing Poorly),Population for Whom Poverty Status Is Determined: 1.00 to 1.99 (Struggling),Population for Whom Poverty Status Is Determined: Under 2.00 (Poor or Struggling),Population for Whom Poverty Status Is Determined: 2.00 and Over (Doing Ok)
Geo_FIPS,Geo_NAME,Geo_QName,Geo_STUSAB,Geo_SUMLEV,Geo_GEOCOMP,Geo_FILEID,Geo_LOGRECNO,Geo_US,Geo_REGION,Geo_DIVISION,Geo_STATECE,Geo_STATE,Geo_COUNTY,Geo_COUSUB,Geo_PLACE,Geo_PLACESE,Geo_TRACT,Geo_BLKGRP,Geo_CONCIT,Geo_AIANHH,Geo_AIANHHFP,Geo_AIHHTLI,Geo_AITSCE,Geo_AITS,Geo_ANRC,Geo_CBSA,Geo_CSA,Geo_METDIV,Geo_MACC,Geo_MEMI,Geo_NECTA,Geo_CNECTA,Geo_NECTADIV,Geo_UA,Geo_UACP,Geo_CDCURR,Geo_SLDU,Geo_SLDL,Geo_VTD,Geo_ZCTA3,Geo_ZCTA5,Geo_SUBMCD,Geo_SDELM,Geo_SDSEC,Geo_SDUNI,Geo_UR,Geo_PCI,Geo_TAZ,Geo_UGA,Geo_PUMA5,Geo_PUMA1,Geo_GEOID,Geo_BTTR,Geo_BTBG,Geo_AREALAND,Geo_AREAWATR,SE_A00001_001,SE_A00002_001,SE_A00002_002,SE_A00002_003,SE_A02001_001,SE_A02001_002,SE_A02001_003,SE_A01001_001,SE_A01001_002,SE_A01001_003,SE_A01001_004,SE_A01001_005,SE_A01001_006,SE_A01001_007,SE_A01001_008,SE_A01001_009,SE_A01001_010,SE_A01001_011,SE_A01001_012,SE_A01001_013,SE_A03001_001,SE_A03001_002,SE_A03001_003,SE_A03001_004,SE_A03001_005,SE_A03001_006,SE_A03001_007,SE_A03001_008,SE_A10008_001,SE_A10008_002,SE_A10008_003,SE_A10008_004,SE_A10008_005,SE_A10008_006,SE_A10008_007,SE_A10008_008,SE_A10008_009,SE_A14006_001,SE_A10001_001,SE_A10060_001,SE_A10060_002,SE_A10060_003,SE_B13004_001,SE_B13004_002,SE_B13004_003,SE_B13004_004,SE_B13004_005
6075010100,"Census Tract 101, San Francisco County, California","Census Tract 101, San Francisco County, California",ca,140,0,ACSSF,8984,,,,,6,75,,,,10100,,,,,,,,,,,,,,,,,,,,,,,,,,,,,,,,,,,14000US06075010100,,,776490,646917,3967,3967,13231.96,0.299804478,3967,1914,2053,3967,83,83,119,76,278,1006,551,604,331,354,308,174,3967,1955,135,0,1549,0,189,139,2035,839,591,248,21,227,1196,596,600,81509,2303,2035,202,1833,3938,532,874,1406,2532
6075010200,"Census Tract 102, San Francisco County, California","Census Tract 102, San Francisco County, California",ca,140,0,ACSSF,8985,,,,,6,75,,,,10200,,,,,,,,,,,,,,,,,,,,,,,,,,,,,,,,,,,14000US06075010200,,,515959,295388,4363,4363,21901.19,0.199212892,4363,2137,2226,4363,95,26,74,74,247,1367,594,486,460,467,298,175,4363,3677,34,0,488,9,57,98,2504,781,665,116,30,86,1723,805,918,125238,3056,2504,911,1593,4363,255,301,556,3807
6075010300,"Census Tract 103, San Francisco County, California","Census Tract 103, San Francisco County, California",ca,140,0,ACSSF,8986,,,,,6,75,,,,10300,,,,,,,,,,,,,,,,,,,,,,,,,,,,,,,,,,,14000US06075010300,,,268266,0,4377,4377,42257.97,0.103578086,4377,2339,2038,4377,49,120,150,24,237,1140,897,368,464,577,126,225,4377,2708,0,0,1445,0,120,104,2022,924,697,227,109,118,1098,581,517,118210,2379,2022,532,1490,4377,439,695,1134,3243
6075010400,"Census Tract 104, San Francisco County, California","Census Tract 104, San Francisco County, California",ca,140,0,ACSSF,8987,,,,,6,75,,,,10400,,,,,,,,,,,,,,,,,,,,,,,,,,,,,,,,,,,14000US06075010400,,,335744,0,4645,4645,35832.34,0.129631489,4645,2363,2282,4645,175,144,152,8,218,1225,851,666,499,430,199,78,4645,2772,1,4,1320,0,71,477,2423,899,797,102,18,84,1524,778,746,106979,2883,2423,878,1545,4645,308,427,735,3910
6075010500,"Census Tract 105, San Francisco County, California","Census Tract 105, San Francisco County, California",ca,140,0,ACSSF,8988,,,,,6,75,,,,10500,,,,,,,,,,,,,,,,,,,,,,,,,,,,,,,,,,,14000US06075010500,,,683605,494314,2691,2691,10195.45,0.263941377,2691,1406,1285,2691,200,0,64,18,174,425,433,332,279,343,296,127,2691,1487,243,0,659,0,47,255,1577,546,423,123,19,104,1031,554,477,108063,1976,1577,295,1282,2691,522,207,729,1962
6075010600,"Census Tract 106, San Francisco County, California","Census Tract 106, San Francisco County, California",ca,140,0,ACSSF,8989,,,,,6,75,,,,10600,,,,,,,,,,,,,,,,,,,,,,,,,,,,,,,,,,,14000US06075010600,,,187223,0,3505,3505,48487.14,0.072287208,3505,1956,1549,3505,38,57,49,79,259,852,471,413,557,317,224,189,3505,1210,57,0,2161,0,23,54,1830,698,552,146,59,87,1132,701,431,37000,2154,1830,222,1608,3505,868,694,1562,1943
6075010700,"Census Tract 107, San Francisco County, California","Census Tract 107, San Francisco County, California",ca,140,0,ACSSF,8990,,,,,6,75,,,,10700,,,,,,,,,,,,,,,,,,,,,,,,,,,,,,,,,,,14000US06075010700,,,183170,0,5502,5502,77797.2,0.070722335,5502,2631,2871,5502,149,89,172,141,515,970,552,706,873,489,442,404,5502,1118,0,23,4164,0,181,16,2416,1318,898,420,82,338,1098,549,549,27786,2754,2416,244,2172,5502,1217,2130,3347,2155
6075010800,"Census Tract 108, San Francisco County, California","Census Tract 108, San Francisco County, California",ca,140,0,ACSSF,8991,,,,,6,75,,,,10800,,,,,,,,,,,,,,,,,,,,,,,,,,,,,,,,,,,14000US06075010800,,,226078,0,4927,4927,56444.55,0.087289208,4927,2315,2612,4927,59,115,176,59,354,1267,709,612,480,567,264,265,4927,2744,0,0,1827,0,157,199,2547,808,680,128,65,63,1739,699,1040,100226,2759,2547,607,1940,4927,608,461,1069,3858
6075010900,"Census Tract 109, San Francisco County, California","Census Tract 109, San Francisco County, California",ca,140,0,ACSSF,8992,,,,,6,75,,,,10900,,,,,,,,,,,,,,,,,,,,,,,,,,,,,,,,,,,14000US06075010900,,,250647,0,4519,4519,46695.77,0.096775352,4519,2097,2422,4519,51,76,71,16,140,1776,617,315,592,564,237,64,4519,3166,69,0,1135,0,43,106,2672,665,556,109,21,88,2007,988,1019,122206,2882,2672,541,2131,4519,289,383,672,3847
6075011000,"Census Tract 110, San Francisco County, California","Census Tract 110, San Francisco County, California",ca,140,0,ACSSF,8993,,,,,6,75,,,,11000,,,,,,,,,,,,,,,,,,,,,,,,,,,,,,,,,,,14000US06075011000,,,239179,0,4989,4989,54024.18,0.092347532,4989,2235,2754,4989,120,0,65,0,262,2393,468,364,600,348,190,179,4989,2687,88,0,2066,0,115,33,2519,883,795,88,23,65,1636,812,824,134948,2871,2519,459,2060,4989,250,534,784,4205
6075011100,"Census Tract 111, San Francisco County, California","Census Tract 111, San Francisco County, California",ca,140,0,ACSSF,8994,,,,,6,75,,,,11100,,,,,,,,,,,,,,,,,,,,,,,,,,,,,,,,,,,14000US06075011100,,,247102,0,4844,4844,50772.16,0.09540662,4844,2558,2286,4844,247,35,0,0,212,1675,988,628,324,404,213,118,4844,3291,259,0,1054,0,98,142,3066,555,438,117,71,46,2511,1340,1171,100500,3370,3066,328,2738,4834,488,455,943,3891
6075011200,"Census Tract 112, San Francisco County, California","Census Tract 112, San Francisco County, California",ca,140,0,ACSSF,8995,,,,,6,75,,,,11200,,,,,,,,,,,,,,,,,,,,,,,,,,,,,,,,,,,14000US06075011200,,,177415,0,3378,3378,49313.64,0.068500317,3378,1529,1849,3378,9,56,76,54,205,815,379,529,391,441,253,170,3378,2019,130,5,1105,0,25,94,1920,640,536,104,39,65,1280,485,795,103750,2348,1920,605,1315,3378,344,310,654,2724
6075011300,"Census Tract 113, San Francisco County, California","Census Tract 113, San Francisco County, California",ca,140,0,ACSSF,8996,,,,,6,75,,,,11300,,,,,,,,,,,,,,,,,,,,,,,,,,,,,,,,,,,14000US06075011300,,,102299,0,2907,2907,73598.91,0.039497866,2907,1403,1504,2907,86,44,95,59,202,435,254,317,428,270,415,302,2907,610,68,19,2147,0,8,55,1524,688,597,91,40,51,836,309,527,37159,1676,1524,173,1351,2875,398,1046,1444,1431
6075011700,"Census Tract 117, San Francisco County, California","Census Tract 117, San Francisco County, California",ca,140,0,ACSSF,8997,,,,,6,75,,,,11700,,,,,,,,,,,,,,,,,,,,,,,,,,,,,,,,,,,14000US06075011700,,,551749,0,1704,1704,7998.817,0.213031489,1704,935,769,1704,55,19,20,0,115,420,255,329,212,122,151,6,1704,601,73,0,819,0,151,60,1021,325,285,40,22,18,696,452,244,52371,1350,1021,59,962,1650,260,343,603,1047
6075011800,"Census Tract 118, San Francisco County, California","Census Tract 118, San Francisco County, California",ca,140,0,ACSSF,8998,,,,,6,75,,,,11800,,,,,,,,,,,,,,,,,,,,,,,,,,,,,,,,,,,14000US06075011800,,,56564,0,1558,1558,71338.69,0.021839483,1558,794,764,1558,43,19,65,10,143,259,124,252,239,130,168,106,1558,183,1,10,1358,0,0,6,713,372,231,141,43,98,341,182,159,23512,783,713,6,707,1558,447,476,923,635
6075011901,"Census Tract 119.01, San Francisco County, California","Census Tract 119.01, San Francisco County, California",ca,140,0,ACSSF,8999,,,,,6,75,,,,11901,,,,,,,,,,,,,,,,,,,,,,,,,,,,,,,,,,,14000US06075011901,,,62294,0,2613,2613,108640.3,0.024051849,2613,1347,1266,2613,0,0,24,68,440,800,339,253,327,230,109,23,2613,1498,39,34,817,0,137,88,1515,353,293,60,58,2,1162,573,589,72038,1729,1515,468,1047,2325,272,257,529,1796
6075011902,"Census Tract 119.02, San Francisco County, California","Census Tract 119.02, San Francisco County, California",ca,140,0,ACSSF,9000,,,,,6,75,,,,11902,,,,,,,,,,,,,,,,,,,,,,,,,,,,,,,,,,,14000US06075011902,,,93053,0,2825,2825,78629.55,0.035927966,2825,1446,1379,2825,56,25,38,31,235,1028,523,375,171,206,110,27,2825,1537,75,0,877,17,192,127,1759,325,226,99,51,48,1434,746,688,84735,1984,1759,110,1649,2825,347,414,761,2064
6075012000,"Census Tract 120, San Francisco County, California","Census Tract 120, San Francisco County, California",ca,140,0,ACSSF,9001,,,,,6,75,,,,12000,,,,,,,,,,,,,,,,,,,,,,,,,,,,,,,,,,,14000US06075012000,,,125229,0,3951,3951,81714.64,0.048351189,3951,2380,1571,3951,71,44,40,40,404,1282,540,445,701,197,170,17,3951,1730,189,72,1449,0,226,285,2465,634,469,165,79,86,1831,1201,630,39957,2819,2465,77,2388,3917,830,875,1705,2212
6075012100,"Census Tract 121, San Francisco County, California","Census Tract 121, San Francisco County, California",ca,140,0,ACSSF,9002,,,,,6,75,,,,12100,,,,,,,,,,,,,,,,,,,,,,,,,,,,,,,,,,,14000US06075012100,,,123394,0,4062,4062,85259.66,0.047642692,4062,1874,2188,4062,85,3,8,24,1007,1613,494,334,228,137,112,17,4062,2445,133,13,1086,0,159,226,2139,368,331,37,0,37,1771,792,979,73521,2303,2139,142,1997,3424,607,342,949,2475
6075012201,"Census Tract 122.01, San Francisco County, California","Census Tract 122.01, San Francisco County, California",ca,140,0,ACSSF,9003,,,,,6,75,,,,12201,,,,,,,,,,,,,,,,,,,,,,,,,,,,,,,,,,,14000US06075012201,,,92048,0,4710,4710,132527,0.035539933,4710,3077,1633,4710,84,168,27,50,348,1344,983,628,603,228,79,168,4710,2019,359,0,992,0,911,429,2869,672,505,167,63,104,2197,1604,593,56298,3092,2869,134,2735,4710,671,920,1591,3119
6075012202,"Census Tract 122.02, San Francisco County, California","Census Tract 122.02, San Francisco County, California",ca,140,0,ACSSF,9004,,,,,6,75,,,,12202,,,,,,,,,,,,,,,,,,,,,,,,,,,,,,,,,,,14000US06075012202,,,92823,0,3443,3443,96068.09,0.035839162,3443,2330,1113,3443,44,80,0,45,218,972,607,571,479,293,103,31,3443,1647,461,43,612,12,440,228,1642,334,268,66,48,18,1308,938,370,36719,1718,1642,62,1580,3443,1056,843,1899,1544
6075012301,"Census Tract 123.01, San Francisco County, California","Census Tract 123.01, San Francisco County, California",ca,140,0,ACSSF,9005,,,,,6,75,,,,12301,,,,,,,,,,,,,,,,,,,,,,,,,,,,,,,,,,,14000US06075012301,,,92148,0,2124,2124,59698.9,0.035578543,2124,1194,930,2124,88,4,82,62,166,349,311,393,270,238,104,57,2124,1048,254,33,539,0,204,46,1307,310,174,136,51,85,997,627,370,17342,1676,1307,0,1307,2124,777,612,1389,735
6075012302,"Census Tract 123.02, San Francisco County, California","Census Tract 123.02, San Francisco County, California",ca,140,0,ACSSF,9006,,,,,6,75,,,,12302,,,,,,,,,,,,,,,,,,,,,,,,,,,,,,,,,,,14000US06075012302,,,92649,0,2507,2507,70082.78,0.03577198,2507,1436,1071,2507,22,11,0,44,281,796,459,369,366,61,72,26,2507,1228,119,0,771,7,240,142,1896,246,171,75,0,75,1650,935,715,40976,2257,1896,9,1887,2507,614,345,959,1548
6075012401,"Census Tract 124.01, San Francisco County, California","Census Tract 124.01, San Francisco County, California",ca,140,0,ACSSF,9007,,,,,6,75,,,,12401,,,,,,,,,,,,,,,,,,,,,,,,,,,,,,,,,,,14000US06075012401,,,91972,0,4986,4986,140408.8,0.035510589,4986,3071,1915,4986,303,121,230,63,452,1144,759,757,813,252,60,32,4986,2014,543,45,1479,49,576,280,2725,768,344,424,170,254,1957,1367,590,23467,3129,2725,0,2725,4986,1355,1567,2922,2064
6075012402,"Census Tract 124.02, San Francisco County, California","Census Tract 124.02, San Francisco County, California",ca,140,0,ACSSF,9008,,,,,6,75,,,,12402,,,,,,,,,,,,,,,,,,,,,,,,,,,,,,,,,,,14000US06075012402,,,358024,0,4000,4000,28936.47,0.138233845,4000,2190,1810,4000,177,51,25,43,412,1229,576,586,384,305,133,79,4000,2100,269,3,1022,48,428,130,2472,402,237,165,34,131,2070,1296,774,46422,2671,2472,150,2322,3697,950,356,1306,2391
6075012501,"Census Tract 125.01, San Francisco County, California","Census Tract 125.01, San Francisco County, California",ca,140,0,ACSSF,9009,,,,,6,75,,,,12501,,,,,,,,,,,,,,,,,,,,,,,,,,,,,,,,,,,14000US06075012501,,,135257,0,3559,3559,68150.02,0.052223022,3559,2193,1366,3559,38,111,124,133,207,248,576,784,513,691,49,85,3559,1386,388,7,1450,0,312,16,2210,688,315,373,45,328,1522,1074,448,21412,2630,2210,68,2142,3478,1116,1195,2311,1167
6075012502,"Census Tract 125.02, San Francisco County, California","Census Tract 125.02, San Francisco County, California",ca,140,0,ACSSF,9010,,,,,6,75,,,,12502,,,,,,,,,,,,,,,,,,,,,,,,,,,,,,,,,,,14000US06075012502,,,61277,0,3707,3707,156683.3,0.023659183,3707,1987,1720,3707,110,40,0,12,104,461,627,465,836,538,422,92,3707,1175,384,47,1409,0,416,276,2246,459,329,130,35,95,1787,978,809,12479,2313,2246,7,2239,3563,1446,909,2355,1208
6075012601,"Census Tract 126.01, San Francisco County, California","Census Tract 126.01, San Francisco County, California",ca,140,0,ACSSF,9011,,,,,6,75,,,,12601,,,,,,,,,,,,,,,,,,,,,,,,,,,,,,,,,,,14000US06075012601,,,170458,0,2592,2592,39383.59,0.065814205,2592,1249,1343,2592,183,34,20,10,65,897,470,405,265,131,92,20,2592,2298,55,0,206,0,0,33,1569,470,442,28,9,19,1099,479,620,129139,1680,1569,283,1286,2592,61,128,189,2403
6075012602,"Census Tract 126.02, San Francisco County, California","Census Tract 126.02, San Francisco County, California",ca,140,0,ACSSF,9012,,,,,6,75,,,,12602,,,,,,,,,,,,,,,,,,,,,,,,,,,,,,,,,,,14000US06075012602,,,629712,544217,2814,2814,11573.9,0.243133173,2814,1277,1537,2814,201,76,36,11,98,1056,587,280,185,143,88,53,2814,2346,15,0,384,0,30,39,1602,499,438,61,38,23,1103,441,662,129196,1817,1602,259,1343,2814,115,245,360,2454
6075012700,"Census Tract 127, San Francisco County, California","Census Tract 127, San Francisco County, California",ca,140,0,ACSSF,9013,,,,,6,75,,,,12700,,,,,,,,,,,,,,,,,,,,,,,,,,,,,,,,,,,14000US06075012700,,,437783,217992,3637,3637,21517.02,0.169028968,3637,1611,2026,3637,108,64,118,125,85,1185,592,533,192,278,170,187,3637,3016,92,0,319,23,0,187,2096,553,450,103,24,79,1543,598,945,129300,2304,2096,604,1492,3637,166,145,311,3326
6075012800,"Census Tract 128, San Francisco County, California","Census Tract 128, San Francisco County, California",ca,140,0,ACSSF,9014,,,,,6,75,,,,12800,,,,,,,,,,,,,,,,,,,,,,,,,,,,,,,,,,,14000US06075012800,,,497838,0,4738,4738,24649.31,0.192216335,4738,2269,2469,4738,396,147,85,107,159,1677,749,405,525,214,155,119,4738,4100,80,1,375,0,37,145,2333,853,687,166,77,89,1480,587,893,151830,2569,2333,780,1553,4738,315,335,650,4088
6075012901,"Census Tract 129.01, San Francisco County, California","Census Tract 129.01, San Francisco County, California",ca,140,0,ACSSF,9015,,,,,6,75,,,,12901,,,,,,,,,,,,,,,,,,,,,,,,,,,,,,,,,,,14000US06075012901,,,180870,0,2754,2754,39436.21,0.0698343,2754,1339,1415,2754,153,25,49,14,28,1255,531,224,218,148,37,72,2754,2297,0,27,282,0,35,113,1549,454,445,9,0,9,1095,503,592,143403,1694,1549,375,1174,2741,68,120,188,2553
6075012902,"Census Tract 129.02, San Francisco County, California","Census Tract 129.02, San Francisco County, California",ca,140,0,ACSSF,9016,,,,,6,75,,,,12902,,,,,,,,,,,,,,,,,,,,,,,,,,,,,,,,,,,14000US06075012902,,,352886,0,3628,3628,26627.51,0.136250052,3628,1768,1860,3628,15,189,50,13,351,1557,450,295,224,185,154,145,3628,2878,100,12,437,0,78,123,2022,672,474,198,65,133,1350,616,734,120190,2244,2022,535,1487,3544,266,54,320,3224
6075013000,"Census Tract 130, San Francisco County, California","Census Tract 130, San Francisco County, California",ca,140,0,ACSSF,9017,,,,,6,75,,,,13000,,,,,,,,,,,,,,,,,,,,,,,,,,,,,,,,,,,14000US06075013000,,,365819,0,4957,4957,35095.42,0.141243512,4957,2602,2355,4957,227,131,55,20,366,1939,839,432,379,459,70,40,4957,4147,0,29,550,0,54,177,2619,767,753,14,14,0,1852,1047,805,156117,2688,2619,523,2096,4945,191,230,421,4524
6075013101,"Census Tract 131.01, San Francisco County, California","Census Tract 131.01, San Francisco County, California",ca,140,0,ACSSF,9018,,,,,6,75,,,,13101,,,,,,,,,,,,,,,,,,,,,,,,,,,,,,,,,,,14000US06075013101,,,173030,0,3742,3742,56011.88,0.066807259,3742,1884,1858,3742,77,11,9,14,253,1588,619,497,322,194,77,81,3742,2956,131,0,500,0,71,84,2405,563,467,96,35,61,1842,888,954,130927,2614,2405,353,2052,3662,142,195,337,3325
6075013102,"Census Tract 131.02, San Francisco County, California","Census Tract 131.02, San Francisco County, California",ca,140,0,ACSSF,9019,,,,,6,75,,,,13102,,,,,,,,,,,,,,,,,,,,,,,,,,,,,,,,,,,14000US06075013102,,,237886,0,3084,3084,33577.11,0.091848302,3084,1446,1638,3084,129,20,63,17,126,1250,479,308,194,321,126,51,3084,2291,23,0,609,11,65,85,1572,755,636,119,78,41,817,383,434,150643,1747,1572,405,1167,3041,140,131,271,2770
6075013200,"Census Tract 132, San Francisco County, California","Census Tract 132, San Francisco County, California",ca,140,0,ACSSF,9020,,,,,6,75,,,,13200,,,,,,,,,,,,,,,,,,,,,,,,,,,,,,,,,,,14000US06075013200,,,546678,0,4044,4044,19159.2,0.211073565,4044,2037,2007,4044,158,196,114,96,108,672,872,571,544,412,209,92,4044,3125,144,0,636,0,104,35,2239,861,840,21,21,0,1378,646,732,142650,2634,2239,811,1428,4015,74,87,161,3854
6075013300,"Census Tract 133, San Francisco County, California","Census Tract 133, San Francisco County, California",ca,140,0,ACSSF,9021,,,,,6,75,,,,13300,,,,,,,,,,,,,,,,,,,,,,,,,,,,,,,,,,,14000US06075013300,,,581310,0,4626,4626,20610.84,0.224445055,4626,2068,2558,4626,359,232,245,84,330,740,678,613,562,333,288,162,4626,3452,98,0,684,14,73,305,1959,948,828,120,34,86,1011,321,690,144875,2101,1959,948,1011,4582,516,167,683,3899
6075013400,"Census Tract 134, San Francisco County, California","Census Tract 134, San Francisco County, California",ca,140,0,ACSSF,9022,,,,,6,75,,,,13400,,,,,,,,,,,,,,,,,,,,,,,,,,,,,,,,,,,14000US06075013400,,,354176,0,4031,4031,29477.55,0.136748124,4031,1849,2182,4031,223,130,85,88,284,1229,683,489,275,328,179,38,4031,3001,59,0,704,16,63,188,1992,739,739,0,0,0,1253,462,791,152417,2191,1992,773,1219,3987,156,251,407,3580
6075013500,"Census Tract 135, San Francisco County, California","Census Tract 135, San Francisco County, California",ca,140,0,ACSSF,9023,,,,,6,75,,,,13500,,,,,,,,,,,,,,,,,,,,,,,,,,,,,,,,,,,14000US06075013500,,,235184,0,2617,2617,28819.98,0.090805054,2617,1290,1327,2617,126,74,39,12,109,739,492,339,272,183,167,65,2617,1777,71,10,633,0,38,88,1593,431,366,65,0,65,1162,504,658,125804,1887,1593,377,1216,2617,203,95,298,2319
6075015100,"Census Tract 151, San Francisco County, California","Census Tract 151, San Francisco County, California",ca,140,0,ACSSF,9024,,,,,6,75,,,,15100,,,,,,,,,,,,,,,,,,,,,,,,,,,,,,,,,,,14000US06075015100,,,173860,0,2425,2425,36125.16,0.067127724,2425,1231,1194,2425,11,42,0,0,115,817,329,247,159,215,251,239,2425,1475,4,0,752,0,79,115,1578,369,339,30,22,8,1209,553,656,97059,1917,1578,430,1148,2394,165,165,330,2064
6075015200,"Census Tract 152, San Francisco County, California","Census Tract 152, San Francisco County, California",ca,140,0,ACSSF,9025,,,,,6,75,,,,15200,,,,,,,,,,,,,,,,,,,,,,,,,,,,,,,,,,,14000US06075015200,,,279195,0,4385,4385,40678.01,0.107797797,4385,2050,2335,4385,233,118,0,9,244,1542,571,512,205,435,298,218,4385,2919,236,0,1112,0,16,102,2402,723,634,89,71,18,1679,725,954,87969,2599,2402,458,1944,4295,474,547,1021,3274
6075015300,"Census Tract 153, San Francisco County, California","Census Tract 153, San Francisco County, California",ca,140,0,ACSSF,9026,,,,,6,75,,,,15300,,,,,,,,,,,,,,,,,,,,,,,,,,,,,,,,,,,14000US06075015300,,,233721,0,2210,2210,24490.2,0.090240186,2210,1005,1205,2210,137,29,90,13,74,684,474,194,212,159,78,66,2210,1492,171,0,393,16,57,81,952,374,264,110,28,82,578,220,358,120833,1041,952,305,647,2088,101,186,287,1801
6075015400,"Census Tract 154, San Francisco County, California","Census Tract 154, San Francisco County, California",ca,140,0,ACSSF,9027,,,,,6,75,,,,15400,,,,,,,,,,,,,,,,,,,,,,,,,,,,,,,,,,,14000US06075015400,,,719491,0,5877,5877,21155.73,0.27779704,5877,2703,3174,5877,347,219,116,44,397,1692,1019,716,580,372,205,170,5877,3907,99,1,1393,111,43,323,2931,1311,1224,87,43,44,1620,642,978,121116,3179,2931,900,2031,5869,433,360,793,5076
6075015500,"Census Tract 155, San Francisco County, California","Census Tract 155, San Francisco County, California",ca,140,0,ACSSF,9028,,,,,6,75,,,,15500,,,,,,,,,,,,,,,,,,,,,,,,,,,,,,,,,,,14000US06075015500,,,311339,0,3740,3740,31112.57,0.120208665,3740,1684,2056,3740,46,0,69,21,100,771,480,389,505,402,436,521,3740,2220,115,0,1280,47,2,76,2382,617,529,88,7,81,1765,554,1211,65536,2541,2382,379,2003,3694,684,444,1128,2566
6075015600,"Census Tract 156, San Francisco County, California","Census Tract 156, San Francisco County, California",ca,140,0,ACSSF,9029,,,,,6,75,,,,15600,,,,,,,,,,,,,,,,,,,,,,,,,,,,,,,,,,,14000US06075015600,,,293930,0,3236,3236,28514.28,0.113487012,3236,1492,1744,3236,164,100,87,51,359,811,398,301,386,394,130,55,3236,1801,68,0,1122,0,39,206,1445,643,476,167,34,133,802,395,407,88083,1576,1445,343,1102,3236,420,383,803,2433
6075015700,"Census Tract 157, San Francisco County, California","Census Tract 157, San Francisco County, California",ca,140,0,ACSSF,9030,,,,,6,75,,,,15700,,,,,,,,,,,,,,,,,,,,,,,,,,,,,,,,,,,14000US06075015700,,,836665,0,9377,9377,29027.53,0.323038176,9377,4519,4858,9377,377,170,132,144,2966,2457,902,728,695,542,199,65,9377,5408,355,0,2305,98,579,632,2752,1297,1023,274,109,165,1455,742,713,111181,2844,2752,927,1825,6339,586,627,1213,5126
6075015801,"Census Tract 158.01, San Francisco County, California","Census Tract 158.01, San Francisco County, California",ca,140,0,ACSSF,9031,,,,,6,75,,,,15801,,,,,,,,,,,,,,,,,,,,,,,,,,,,,,,,,,,14000US06075015801,,,343931,0,4129,4129,31093.62,0.132792507,4129,2064,2065,4129,332,299,170,107,144,863,783,303,463,366,221,78,4129,1653,1463,0,683,0,19,311,1766,833,487,346,48,298,933,502,431,66603,1832,1766,534,1232,4054,801,633,1434,2620
6075015802,"Census Tract 158.02, San Francisco County, California","Census Tract 158.02, San Francisco County, California",ca,140,0,ACSSF,9032,,,,,6,75,,,,15802,,,,,,,,,,,,,,,,,,,,,,,,,,,,,,,,,,,14000US06075015802,,,170744,0,3506,3506,53181.95,0.06592463,3506,2008,1498,3506,252,33,32,0,227,1339,652,475,210,219,51,16,3506,2336,292,19,404,11,209,235,1583,499,459,40,15,25,1084,676,408,100509,1681,1583,268,1315,3506,266,347,613,2893
6075015900,"Census Tract 159, San Francisco County, California","Census Tract 159, San Francisco County, California",ca,140,0,ACSSF,9033,,,,,6,75,,,,15900,,,,,,,,,,,,,,,,,,,,,,,,,,,,,,,,,,,14000US06075015900,,,296386,0,4432,4432,38729.32,0.114435279,4432,2330,2102,4432,114,64,179,65,532,1211,534,404,410,503,227,189,4432,1752,324,399,1831,14,49,63,2074,702,519,183,18,165,1372,733,639,62731,2427,2074,473,1601,4359,629,814,1443,2916
6075016000,"Census Tract 160, San Francisco County, California","Census Tract 160, San Francisco County, California",ca,140,0,ACSSF,9034,,,,,6,75,,,,16000,,,,,,,,,,,,,,,,,,,,,,,,,,,,,,,,,,,14000US06075016000,,,157523,0,2807,2807,46152.6,0.060819973,2807,1501,1306,2807,74,10,10,0,288,669,367,216,421,356,192,204,2807,1352,190,0,962,0,69,234,1763,382,353,29,0,29,1381,779,602,63808,1954,1763,460,1303,2807,396,550,946,1861
6075016100,"Census Tract 161, San Francisco County, California","Census Tract 161, San Francisco County, California",ca,140,0,ACSSF,9035,,,,,6,75,,,,16100,,,,,,,,,,,,,,,,,,,,,,,,,,,,,,,,,,,14000US06075016100,,,368899,0,5562,5562,39050.02,0.142432706,5562,2497,3065,5562,54,231,295,79,468,1229,796,461,575,553,698,123,5562,1301,1954,0,1641,0,196,470,2625,1202,613,589,82,507,1423,542,881,24041,2843,2625,219,2406,5562,1728,1560,3288,2274
6075016200,"Census Tract 162, San Francisco County, California","Census Tract 162, San Francisco County, California",ca,140,0,ACSSF,9036,,,,,6,75,,,,16200,,,,,,,,,,,,,,,,,,,,,,,,,,,,,,,,,,,14000US06075016200,,,273255,0,3236,3236,30671.72,0.10550435,3236,2050,1186,3236,88,0,32,27,159,1061,687,279,533,208,146,16,3236,2060,143,0,814,6,108,105,1816,424,361,63,38,25,1392,880,512,88611,1954,1816,241,1575,3236,326,454,780,2456
6075016300,"Census Tract 163, San Francisco County, California","Census Tract 163, San Francisco County, California",ca,140,0,ACSSF,9037,,,,,6,75,,,,16300,,,,,,,,,,,,,,,,,,,,,,,,,,,,,,,,,,,14000US06075016300,,,245866,0,4671,4671,49204.99,0.094929397,4671,2827,1844,4671,211,101,88,57,273,1765,807,589,454,182,73,71,4671,2754,654,0,733,0,163,367,2026,674,512,162,33,129,1352,773,579,132742,2160,2026,412,1614,4643,638,272,910,3733
6075016400,"Census Tract 164, San Francisco County, California","Census Tract 164, San Francisco County, California",ca,140,0,ACSSF,9038,,,,,6,75,,,,16400,,,,,,,,,,,,,,,,,,,,,,,,,,,,,,,,,,,14000US06075016400,,,309099,0,3915,3915,32804.39,0.119343796,3915,1899,2016,3915,106,44,49,0,232,1507,658,434,327,411,89,58,3915,2697,398,10,486,0,79,245,1851,533,494,39,24,15,1318,608,710,119321,1935,1851,421,1430,3707,277,246,523,3184
6075016500,"Census Tract 165, San Francisco County, California","Census Tract 165, San Francisco County, California",ca,140,0,ACSSF,9039,,,,,6,75,,,,16500,,,,,,,,,,,,,,,,,,,,,,,,,,,,,,,,,,,14000US06075016500,,,370453,0,5760,5760,40270.51,0.143032709,5760,2524,3236,5760,238,198,115,16,342,2144,834,723,496,347,262,45,5760,4115,407,0,663,0,239,336,2289,830,601,229,86,143,1459,594,865,117156,2509,2289,598,1691,5604,604,449,1053,4551
6075016600,"Census Tract 166, San Francisco County, California","Census Tract 166, San Francisco County, California",ca,140,0,ACSSF,9040,,,,,6,75,,,,16600,,,,,,,,,,,,,,,,,,,,,,,,,,,,,,,,,,,14000US06075016600,,,343168,0,5787,5787,43676.16,0.132497911,5787,3300,2487,5787,141,50,51,30,336,2678,892,524,643,291,135,16,5787,4399,230,31,774,20,35,298,2469,869,740,129,89,40,1600,937,663,134395,2765,2469,457,2012,5787,650,324,974,4813
6075016700,"Census Tract 167, San Francisco County, California","Census Tract 167, San Francisco County, California",ca,140,0,ACSSF,9041,,,,,6,75,,,,16700,,,,,,,,,,,,,,,,,,,,,,,,,,,,,,,,,,,14000US06075016700,,,490697,0,5036,5036,26580.92,0.189459179,5036,2584,2452,5036,208,21,94,29,252,1818,1234,694,365,156,120,45,5036,4174,216,0,377,0,96,173,2386,904,733,171,53,118,1482,897,585,159634,2527,2386,719,1667,5036,333,364,697,4339
6075016801,"Census Tract 168.01, San Francisco County, California","Census Tract 168.01, San Francisco County, California",ca,140,0,ACSSF,9042,,,,,6,75,,,,16801,,,,,,,,,,,,,,,,,,,,,,,,,,,,,,,,,,,14000US06075016801,,,226534,0,3424,3424,39146.96,0.08746527,3424,2079,1345,3424,103,65,44,24,174,1312,699,525,275,174,21,8,3424,2622,147,0,341,0,147,167,1697,420,361,59,14,45,1277,864,413,103730,1862,1697,294,1403,3424,369,308,677,2747
6075016802,"Census Tract 168.02, San Francisco County, California","Census Tract 168.02, San Francisco County, California",ca,140,0,ACSSF,9043,,,,,6,75,,,,16802,,,,,,,,,,,,,,,,,,,,,,,,,,,,,,,,,,,14000US06075016802,,,215074,0,3390,3390,40823.43,0.083040539,3390,1952,1438,3390,124,46,51,22,223,1039,733,402,412,202,97,39,3390,2094,187,62,536,0,441,70,1858,527,360,167,69,98,1331,838,493,83672,2090,1858,347,1511,3378,518,309,827,2551
6075016900,"Census Tract 169, San Francisco County, California","Census Tract 169, San Francisco County, California",ca,140,0,ACSSF,9044,,,,,6,75,,,,16900,,,,,,,,,,,,,,,,,,,,,,,,,,,,,,,,,,,14000US06075016900,,,294847,0,3133,3133,27520.82,0.113841068,3133,2099,1034,3133,147,59,79,35,57,870,576,756,261,160,116,17,3133,2340,162,0,417,21,45,148,1558,386,320,66,38,28,1172,872,300,104570,1788,1558,485,1073,3103,258,155,413,2690
6075017000,"Census Tract 170, San Francisco County, California","Census Tract 170, San Francisco County, California",ca,140,0,ACSSF,9045,,,,,6,75,,,,17000,,,,,,,,,,,,,,,,,,,,,,,,,,,,,,,,,,,14000US06075017000,,,469547,0,4113,4113,22687.02,0.181293118,4113,2484,1629,4113,175,72,70,48,70,969,847,804,404,343,240,71,4113,3364,29,0,513,20,0,187,2216,732,598,134,99,35,1484,942,542,161563,2374,2216,1258,958,4113,169,114,283,3830
6075017101,"Census Tract 171.01, San Francisco County, California","Census Tract 171.01, San Francisco County, California",ca,140,0,ACSSF,9046,,,,,6,75,,,,17101,,,,,,,,,,,,,,,,,,,,,,,,,,,,,,,,,,,14000US06075017101,,,313382,0,3743,3743,30934.53,0.120997472,3743,2089,1654,3743,152,183,178,45,95,903,829,530,399,322,87,20,3743,2965,164,50,245,0,45,274,1716,790,689,101,30,71,926,489,437,155278,1972,1716,728,988,3743,176,210,386,3357
6075017102,"Census Tract 171.02, San Francisco County, California","Census Tract 171.02, San Francisco County, California",ca,140,0,ACSSF,9047,,,,,6,75,,,,17102,,,,,,,,,,,,,,,,,,,,,,,,,,,,,,,,,,,14000US06075017102,,,294894,0,3719,3719,32663.14,0.113859215,3719,1743,1976,3719,197,182,81,12,259,957,839,524,307,227,54,80,3719,2971,68,1,397,0,60,222,1687,806,720,86,8,78,881,441,440,129792,1850,1687,613,1074,3689,363,293,656,3033
6075017601,"Census Tract 176.01, San Francisco County, California","Census Tract 176.01, San Francisco County, California",ca,140,0,ACSSF,9048,,,,,6,75,,,,17601,,,,,,,,,,,,,,,,,,,,,,,,,,,,,,,,,,,14000US06075017601,,,633557,0,8432,8432,34470.11,0.244617736,8432,5052,3380,8432,35,414,208,80,649,2135,1259,1776,927,653,241,55,8432,2838,851,81,3583,39,595,445,4807,1360,755,605,190,415,3447,2316,1131,40878,5931,4807,231,4576,8432,2018,1179,3197,5235
6075017700,"Census Tract 177, San Francisco County, California","Census Tract 177, San Francisco County, California",ca,140,0,ACSSF,9049,,,,,6,75,,,,17700,,,,,,,,,,,,,,,,,,,,,,,,,,,,,,,,,,,14000US06075017700,,,903840,0,1822,1822,5221.011,0.34897459,1822,1106,716,1822,70,25,43,32,142,625,411,203,110,98,63,0,1822,723,61,119,372,0,389,158,747,265,212,53,36,17,482,297,185,104375,813,747,107,640,1822,223,218,441,1381
6075017801,"Census Tract 178.01, San Francisco County, California","Census Tract 178.01, San Francisco County, California",ca,140,0,ACSSF,9050,,,,,6,75,,,,17801,,,,,,,,,,,,,,,,,,,,,,,,,,,,,,,,,,,14000US06075017801,,,214052,0,3472,3472,42010.53,0.082645943,3472,1347,2125,3472,68,0,0,0,40,748,420,177,309,507,644,559,3472,1092,154,0,2169,0,37,20,2351,784,696,88,0,88,1567,567,1000,18930,2596,2351,386,1965,3472,1145,697,1842,1630
6075017802,"Census Tract 178.02, San Francisco County, California","Census Tract 178.02, San Francisco County, California",ca,140,0,ACSSF,9051,,,,,6,75,,,,17802,,,,,,,,,,,,,,,,,,,,,,,,,,,,,,,,,,,14000US06075017802,,,510134,0,5108,5108,25933.69,0.196963847,5108,2817,2291,5108,194,38,151,129,287,1445,1043,846,573,203,163,36,5108,1920,633,6,1567,17,671,294,2334,771,517,254,127,127,1563,1113,450,73966,2742,2334,614,1720,5097,1287,1188,2475,2622
6075017902,"Census Tract 179.02, San Francisco County, California","Census Tract 179.02, San Francisco County, California",ca,140,0,ACSSF,9052,,,,,6,75,,,,17902,,,,,,,,,,,,,,,,,,,,,,,,,,,,,,,,,,,14000US06075017902,,,2802304,123760018,3129,3129,2891.932,1.081975669,3129,1796,1333,3129,95,64,105,143,1077,822,332,211,192,82,6,0,3129,1235,547,101,392,37,435,382,586,291,114,177,49,128,295,163,132,52143,736,586,0,586,3034,1561,469,2030,1004
6075018000,"Census Tract 180, San Francisco County, California","Census Tract 180, San Francisco County, California",ca,140,0,ACSSF,9053,,,,,6,75,,,,18000,,,,,,,,,,,,,,,,,,,,,,,,,,,,,,,,,,,14000US06075018000,,,937021,0,2972,2972,8214.805,0.361785846,2972,1905,1067,2972,50,54,25,8,235,890,603,596,385,118,0,8,2972,1422,414,5,718,13,105,295,1199,429,335,94,73,21,770,544,226,156932,1415,1199,545,654,2684,623,157,780,1904
6075020100,"Census Tract 201, San Francisco County, California","Census Tract 201, San Francisco County, California",ca,140,0,ACSSF,9054,,,,,6,75,,,,20100,,,,,,,,,,,,,,,,,,,,,,,,,,,,,,,,,,,14000US06075020100,,,445714,0,5911,5911,34348.08,0.172091145,5911,3399,2512,5911,273,136,88,55,263,1909,1146,681,735,288,227,110,5911,2983,349,68,947,71,1159,334,3098,801,506,295,146,149,2297,1430,867,46604,3468,3098,585,2513,5911,1199,1817,3016,2895
6075020200,"Census Tract 202, San Francisco County, California","Census Tract 202, San Francisco County, California",ca,140,0,ACSSF,9055,,,,,6,75,,,,20200,,,,,,,,,,,,,,,,,,,,,,,,,,,,,,,,,,,14000US06075020200,,,338532,0,6087,6087,46569.47,0.130707942,6087,3680,2407,6087,219,147,85,42,290,1642,1118,749,893,448,303,151,6087,3498,413,15,1077,45,710,329,3212,1039,638,401,133,268,2173,1388,785,77368,3438,3212,553,2659,6087,905,1300,2205,3882
6075020300,"Census Tract 203, San Francisco County, California","Census Tract 203, San Francisco County, California",ca,140,0,ACSSF,9056,,,,,6,75,,,,20300,,,,,,,,,,,,,,,,,,,,,,,,,,,,,,,,,,,14000US06075020300,,,285950,0,3413,3413,30913.2,0.110405917,3413,2036,1377,3413,99,70,21,42,271,1116,560,445,382,260,90,57,3413,2393,124,17,438,0,262,179,1799,539,443,96,17,79,1260,886,374,123099,1923,1799,460,1339,3407,412,267,679,2728
6075020401,"Census Tract 204.01, San Francisco County, California","Census Tract 204.01, San Francisco County, California",ca,140,0,ACSSF,9057,,,,,6,75,,,,20401,,,,,,,,,,,,,,,,,,,,,,,,,,,,,,,,,,,14000US06075020401,,,327217,0,3290,3290,26041.01,0.126339195,3290,2014,1276,3290,133,54,37,39,154,635,769,744,420,224,40,41,3290,2457,57,35,499,0,20,222,1634,534,448,86,59,27,1100,724,376,156161,1852,1634,914,720,3290,170,210,380,2910
6075020402,"Census Tract 204.02, San Francisco County, California","Census Tract 204.02, San Francisco County, California",ca,140,0,ACSSF,9058,,,,,6,75,,,,20402,,,,,,,,,,,,,,,,,,,,,,,,,,,,,,,,,,,14000US06075020402,,,591322,0,4646,4646,20349.46,0.22831071,4646,2994,1652,4646,170,128,77,0,122,1357,936,781,453,358,217,47,4646,3239,98,0,727,0,389,193,2510,712,619,93,57,36,1798,1384,414,105161,2738,2510,658,1852,4646,254,369,623,4023
6075020500,"Census Tract 205, San Francisco County, California","Census Tract 205, San Francisco County, California",ca,140,0,ACSSF,9059,,,,,6,75,,,,20500,,,,,,,,,,,,,,,,,,,,,,,,,,,,,,,,,,,14000US06075020500,,,276896,0,2973,2973,27808.4,0.106910148,2973,1924,1049,2973,99,153,22,38,83,680,514,670,381,269,39,25,2973,2425,66,0,346,0,47,89,1412,564,451,113,59,54,848,620,228,130000,1443,1412,530,882,2942,106,150,256,2686
6075020600,"Census Tract 206, San Francisco County, California","Census Tract 206, San Francisco County, California",ca,140,0,ACSSF,9060,,,,,6,75,,,,20600,,,,,,,,,,,,,,,,,,,,,,,,,,,,,,,,,,,14000US06075020600,,,567325,0,4953,4953,22611.75,0.219045416,4953,2943,2010,4953,315,76,37,9,116,1237,1011,809,673,473,84,113,4953,3796,120,0,532,61,67,377,2741,872,768,104,38,66,1869,1213,656,141875,2936,2741,1132,1609,4953,407,273,680,4273
6075020700,"Census Tract 207, San Francisco County, California","Census Tract 207, San Francisco County, California",ca,140,0,ACSSF,9061,,,,,6,75,,,,20700,,,,,,,,,,,,,,,,,,,,,,,,,,,,,,,,,,,14000US06075020700,,,347105,0,5011,5011,37390.5,0.134017995,5011,2535,2476,5011,190,96,106,38,283,1789,1063,648,406,311,71,10,5011,3501,71,23,601,0,359,456,2563,675,614,61,0,61,1888,938,950,153912,2887,2563,638,1925,5011,380,297,677,4334
6075020800,"Census Tract 208, San Francisco County, California","Census Tract 208, San Francisco County, California",ca,140,0,ACSSF,9062,,,,,6,75,,,,20800,,,,,,,,,,,,,,,,,,,,,,,,,,,,,,,,,,,14000US06075020800,,,346098,0,6305,6305,47182.8,0.133629191,6305,3855,2450,6305,258,231,56,92,363,2076,1389,843,368,380,137,112,6305,3520,170,122,1026,12,1193,262,2794,881,686,195,126,69,1913,1367,546,84833,2858,2794,448,2346,6305,615,1223,1838,4467
6075020900,"Census Tract 209, San Francisco County, California","Census Tract 209, San Francisco County, California",ca,140,0,ACSSF,9063,,,,,6,75,,,,20900,,,,,,,,,,,,,,,,,,,,,,,,,,,,,,,,,,,14000US06075020900,,,312680,0,4816,4816,39891.84,0.120726428,4816,2551,2265,4816,82,255,237,78,384,1288,941,599,490,241,124,97,4816,2542,101,17,681,0,1244,231,1874,802,430,372,113,259,1072,771,301,83523,1983,1874,303,1571,4799,811,1274,2085,2714
6075021000,"Census Tract 210, San Francisco County, California","Census Tract 210, San Francisco County, California",ca,140,0,ACSSF,9064,,,,,6,75,,,,21000,,,,,,,,,,,,,,,,,,,,,,,,,,,,,,,,,,,14000US06075021000,,,313017,0,4835,4835,40006.11,0.120856545,4835,2735,2100,4835,168,174,95,40,129,1488,1175,457,582,361,119,47,4835,3431,137,18,508,0,368,373,2141,757,666,91,18,73,1384,782,602,113250,2301,2141,463,1678,4800,396,355,751,4049
6075021100,"Census Tract 211, San Francisco County, California","Census Tract 211, San Francisco County, California",ca,140,0,ACSSF,9065,,,,,6,75,,,,21100,,,,,,,,,,,,,,,,,,,,,,,,,,,,,,,,,,,14000US06075021100,,,424230,0,4246,4246,25922.47,0.163796126,4246,2212,2034,4246,224,253,112,55,132,938,857,734,352,282,225,82,4246,3276,24,27,520,0,122,277,1930,940,807,133,61,72,990,581,409,153750,2119,1930,883,1047,4246,121,256,377,3869
6075021200,"Census Tract 212, San Francisco County, California","Census Tract 212, San Francisco County, California",ca,140,0,ACSSF,9066,,,,,6,75,,,,21200,,,,,,,,,,,,,,,,,,,,,,,,,,,,,,,,,,,14000US06075021200,,,345793,0,3091,3091,23151.58,0.133511429,3091,1564,1527,3091,299,115,103,36,100,474,653,512,386,322,60,31,3091,2369,41,1,366,0,37,277,1453,728,579,149,44,105,725,404,321,154632,1565,1453,821,632,3080,126,91,217,2863
6075021300,"Census Tract 213, San Francisco County, California","Census Tract 213, San Francisco County, California",ca,140,0,ACSSF,9067,,,,,6,75,,,,21300,,,,,,,,,,,,,,,,,,,,,,,,,,,,,,,,,,,14000US06075021300,,,312361,0,2592,2592,21491.96,0.120603261,2592,1358,1234,2592,82,118,220,14,23,520,535,504,288,179,77,32,2592,1941,12,0,387,0,82,170,1208,610,559,51,27,24,598,328,270,156912,1295,1208,655,553,2592,88,56,144,2448
6075021400,"Census Tract 214, San Francisco County, California","Census Tract 214, San Francisco County, California",ca,140,0,ACSSF,9068,,,,,6,75,,,,21400,,,,,,,,,,,,,,,,,,,,,,,,,,,,,,,,,,,14000US06075021400,,,353319,0,3806,3806,27899.7,0.136417234,3806,1967,1839,3806,329,132,41,57,183,1038,686,458,452,278,84,68,3806,2975,25,41,566,37,40,122,1718,819,722,97,35,62,899,439,460,148594,1838,1718,864,854,3806,150,128,278,3528
6075021500,"Census Tract 215, San Francisco County, California","Census Tract 215, San Francisco County, California",ca,140,0,ACSSF,9069,,,,,6,75,,,,21500,,,,,,,,,,,,,,,,,,,,,,,,,,,,,,,,,,,14000US06075021500,,,495278,0,5155,5155,26957.36,0.191227913,5155,2693,2462,5155,347,112,206,80,120,1123,1453,725,551,232,149,57,5155,3892,193,13,528,0,388,141,2510,963,856,107,15,92,1547,819,728,122857,2705,2510,1045,1465,5155,364,544,908,4247
6075021600,"Census Tract 216, San Francisco County, California","Census Tract 216, San Francisco County, California",ca,140,0,ACSSF,9070,,,,,6,75,,,,21600,,,,,,,,,,,,,,,,,,,,,,,,,,,,,,,,,,,14000US06075021600,,,597916,0,4372,4372,18938.16,0.230856668,4372,2360,2012,4372,202,103,123,122,352,689,679,810,564,405,254,69,4372,2677,279,77,697,0,381,261,2155,1037,748,289,71,218,1118,515,603,138117,2237,2155,1435,720,4372,300,277,577,3795
6075021700,"Census Tract 217, San Francisco County, California","Census Tract 217, San Francisco County, California",ca,140,0,ACSSF,9071,,,,,6,75,,,,21700,,,,,,,,,,,,,,,,,,,,,,,,,,,,,,,,,,,14000US06075021700,,,1229617,0,4235,4235,8920.338,0.474757798,4235,2230,2005,4235,263,260,202,112,174,503,672,697,505,467,281,99,4235,2427,425,0,1014,0,280,89,1835,1032,743,289,31,258,803,401,402,122875,1911,1835,1302,533,4235,386,211,597,3638
6075021800,"Census Tract 218, San Francisco County, California","Census Tract 218, San Francisco County, California",ca,140,0,ACSSF,9072,,,,,6,75,,,,21800,,,,,,,,,,,,,,,,,,,,,,,,,,,,,,,,,,,14000US06075021800,,,500951,0,4075,4075,21068.33,0.193418271,4075,2094,1981,4075,294,185,119,102,150,766,770,485,526,508,116,54,4075,3073,142,18,446,0,193,203,1868,1020,822,198,29,169,848,410,438,137969,1913,1868,1087,781,4075,189,185,374,3701
6075022600,"Census Tract 226, San Francisco County, California","Census Tract 226, San Francisco County, California",ca,140,0,ACSSF,9073,,,,,6,75,,,,22600,,,,,,,,,,,,,,,,,,,,,,,,,,,,,,,,,,,14000US06075022600,,,1357737,503898,2361,2361,4503.79,0.524225209,2361,1326,1035,2361,153,25,27,14,64,917,529,321,150,116,15,30,2361,1544,173,0,463,0,39,142,1116,516,451,65,50,15,600,413,187,195000,1193,1116,502,614,2361,54,116,170,2191
6075022702,"Census Tract 227.02, San Francisco County, California","Census Tract 227.02, San Francisco County, California",ca,140,0,ACSSF,9074,,,,,6,75,,,,22702,,,,,,,,,,,,,,,,,,,,,,,,,,,,,,,,,,,14000US06075022702,,,283840,0,2264,2264,20658.59,0.109591241,2264,1236,1028,2264,144,86,43,23,100,684,467,309,237,107,39,25,2264,1652,66,0,317,0,78,151,992,509,413,96,23,73,483,276,207,176944,1085,992,396,596,2236,107,21,128,2108
6075022704,"Census Tract 227.04, San Francisco County, California","Census Tract 227.04, San Francisco County, California",ca,140,0,ACSSF,9075,,,,,6,75,,,,22704,,,,,,,,,,,,,,,,,,,,,,,,,,,,,,,,,,,14000US06075022704,,,544609,0,3365,3365,16002.88,0.210274719,3365,1782,1583,3365,238,82,98,81,111,571,825,529,488,115,143,84,3365,2566,27,9,533,0,57,173,1604,776,652,124,23,101,828,507,321,176667,1787,1604,989,615,3358,147,121,268,3090
6075022801,"Census Tract 228.01, San Francisco County, California","Census Tract 228.01, San Francisco County, California",ca,140,0,ACSSF,9076,,,,,6,75,,,,22801,,,,,,,,,,,,,,,,,,,,,,,,,,,,,,,,,,,14000US06075022801,,,578056,0,5361,5361,24020.04,0.223188679,5361,3077,2284,5361,358,250,223,21,345,1511,988,805,448,319,93,0,5361,2668,76,0,835,0,1527,255,1920,1054,703,351,159,192,866,455,411,127143,2004,1920,702,1218,5303,619,953,1572,3731
6075022802,"Census Tract 228.02, San Francisco County, California","Census Tract 228.02, San Francisco County, California",ca,140,0,ACSSF,9077,,,,,6,75,,,,22802,,,,,,,,,,,,,,,,,,,,,,,,,,,,,,,,,,,14000US06075022802,,,291126,0,2335,2335,20773.21,0.112404382,2335,1166,1169,2335,104,63,56,55,146,517,402,253,293,214,153,79,2335,1162,84,9,348,0,601,131,698,318,211,107,34,73,380,260,120,80385,718,698,165,533,1928,295,348,643,1285
6075022803,"Census Tract 228.03, San Francisco County, California","Census Tract 228.03, San Francisco County, California",ca,140,0,ACSSF,9078,,,,,6,75,,,,22803,,,,,,,,,,,,,,,,,,,,,,,,,,,,,,,,,,,14000US06075022803,,,282080,0,4677,4677,42943.04,0.108911702,4677,2527,2150,4677,231,203,157,113,362,1156,950,789,366,196,86,68,4677,2715,94,0,601,0,1059,208,1578,723,552,171,77,94,855,495,360,114583,1643,1578,659,919,4649,347,924,1271,3378
6075022901,"Census Tract 229.01, San Francisco County, California","Census Tract 229.01, San Francisco County, California",ca,140,0,ACSSF,9079,,,,,6,75,,,,22901,,,,,,,,,,,,,,,,,,,,,,,,,,,,,,,,,,,14000US06075022901,,,248905,0,5392,5392,56106.61,0.096102762,5392,2979,2413,5392,387,388,339,97,495,1327,797,846,358,164,99,95,5392,2657,104,44,389,0,1939,259,1540,942,502,440,260,180,598,387,211,72045,1612,1540,343,1197,5392,897,1187,2084,3308
6075022902,"Census Tract 229.02, San Francisco County, California","Census Tract 229.02, San Francisco County, California",ca,140,0,ACSSF,9080,,,,,6,75,,,,22902,,,,,,,,,,,,,,,,,,,,,,,,,,,,,,,,,,,14000US06075022902,,,161833,0,2597,2597,41562.59,0.062484073,2597,1656,941,2597,104,37,34,56,209,588,557,253,286,252,202,19,2597,1243,111,0,293,21,697,232,830,499,324,175,43,132,331,246,85,131571,901,830,344,486,2591,283,344,627,1964
6075022903,"Census Tract 229.03, San Francisco County, California","Census Tract 229.03, San Francisco County, California",ca,140,0,ACSSF,9081,,,,,6,75,,,,22903,,,,,,,,,,,,,,,,,,,,,,,,,,,,,,,,,,,14000US06075022903,,,309622,0,3481,3481,29118.56,0.119545728,3481,1747,1734,3481,273,240,83,63,68,1149,626,369,329,185,68,28,3481,1551,70,44,408,0,1221,187,1173,629,303,326,195,131,544,271,273,113250,1260,1173,460,713,3393,263,552,815,2578
6075023001,"Census Tract 230.01, San Francisco County, California","Census Tract 230.01, San Francisco County, California",ca,140,0,ACSSF,9082,,,,,6,75,,,,23001,,,,,,,,,,,,,,,,,,,,,,,,,,,,,,,,,,,14000US06075023001,,,666063,0,5178,5178,20134.67,0.257168373,5178,2516,2662,5178,279,156,296,144,368,841,652,743,903,488,172,136,5178,491,537,13,3888,0,62,187,1302,1041,667,374,156,218,261,94,167,64527,1428,1302,1010,292,5172,738,1188,1926,3246
6075023003,"Census Tract 230.03, San Francisco County, California","Census Tract 230.03, San Francisco County, California",ca,140,0,ACSSF,9083,,,,,6,75,,,,23003,,,,,,,,,,,,,,,,,,,,,,,,,,,,,,,,,,,14000US06075023003,,,409146,0,3921,3921,24820.83,0.15797216,3921,1857,2064,3921,163,306,202,105,268,656,421,413,762,443,150,32,3921,556,949,1,1867,0,474,74,1202,912,679,233,106,127,290,132,158,74113,1295,1202,984,218,3881,396,669,1065,2816
6075023102,"Census Tract 231.02, San Francisco County, California","Census Tract 231.02, San Francisco County, California",ca,140,0,ACSSF,9084,,,,,6,75,,,,23102,,,,,,,,,,,,,,,,,,,,,,,,,,,,,,,,,,,14000US06075023102,,,499233,0,4537,4537,23537.66,0.192754947,4537,1986,2551,4537,489,421,445,229,332,854,489,392,424,256,198,8,4537,195,2802,0,672,274,484,110,1548,980,190,790,49,741,568,299,269,28618,1582,1548,449,1099,4526,1606,1144,2750,1776
6075023103,"Census Tract 231.03, San Francisco County, California","Census Tract 231.03, San Francisco County, California",ca,140,0,ACSSF,9085,,,,,6,75,,,,23103,,,,,,,,,,,,,,,,,,,,,,,,,,,,,,,,,,,14000US06075023103,,,1255708,0,2722,2722,5614.321,0.48483159,2722,1262,1460,2722,213,458,326,113,290,398,280,298,219,58,69,0,2722,178,1467,0,244,324,163,346,919,617,122,495,66,429,302,190,112,21415,1032,919,105,814,2722,977,1062,2039,683
6075023200,"Census Tract 232, San Francisco County, California","Census Tract 232, San Francisco County, California",ca,140,0,ACSSF,9086,,,,,6,75,,,,23200,,,,,,,,,,,,,,,,,,,,,,,,,,,,,,,,,,,14000US06075023200,,,856566,0,4456,4456,13473.55,0.330721996,4456,2115,2341,4456,320,345,318,153,392,695,626,609,559,213,65,161,4456,939,1359,6,557,24,1217,354,1216,850,444,406,58,348,366,164,202,54375,1363,1216,670,546,4440,1042,528,1570,2870
6075023300,"Census Tract 233, San Francisco County, California","Census Tract 233, San Francisco County, California",ca,140,0,ACSSF,9087,,,,,6,75,,,,23300,,,,,,,,,,,,,,,,,,,,,,,,,,,,,,,,,,,14000US06075023300,,,635979,0,3429,3429,13964.41,0.245552875,3429,1684,1745,3429,197,191,194,185,149,597,397,482,556,325,143,13,3429,494,310,0,2023,0,565,37,1030,839,550,289,112,177,191,61,130,55600,1100,1030,591,439,3429,656,584,1240,2189
6075023400,"Census Tract 234, San Francisco County, California","Census Tract 234, San Francisco County, California",ca,140,0,ACSSF,9088,,,,,6,75,,,,23400,,,,,,,,,,,,,,,,,,,,,,,,,,,,,,,,,,,14000US06075023400,,,854096,0,3432,3432,10407.31,0.329768323,3432,1599,1833,3432,185,325,241,189,296,535,541,342,395,197,120,66,3432,334,856,0,598,266,1043,335,910,707,369,338,54,284,203,59,144,40648,1030,910,426,484,3376,963,679,1642,1734
6075025100,"Census Tract 251, San Francisco County, California","Census Tract 251, San Francisco County, California",ca,140,0,ACSSF,9089,,,,,6,75,,,,25100,,,,,,,,,,,,,,,,,,,,,,,,,,,,,,,,,,,14000US06075025100,,,556960,0,3788,3788,17615.04,0.215043467,3788,1924,1864,3788,306,158,96,64,195,725,703,582,530,237,132,60,3788,2549,260,47,530,14,180,208,1344,786,658,128,19,109,558,302,256,148500,1391,1344,976,368,3788,350,263,613,3175
6075025200,"Census Tract 252, San Francisco County, California","Census Tract 252, San Francisco County, California",ca,140,0,ACSSF,9090,,,,,6,75,,,,25200,,,,,,,,,,,,,,,,,,,,,,,,,,,,,,,,,,,14000US06075025200,,,657048,0,5809,5809,22898.24,0.253687662,5809,3088,2721,5809,590,210,160,77,261,1391,1024,568,825,520,93,90,5809,4467,104,17,569,19,376,257,2122,1143,977,166,45,121,979,550,429,133310,2318,2122,1273,849,5809,420,597,1017,4792
6075025300,"Census Tract 253, San Francisco County, California","Census Tract 253, San Francisco County, California",ca,140,0,ACSSF,9091,,,,,6,75,,,,25300,,,,,,,,,,,,,,,,,,,,,,,,,,,,,,,,,,,14000US06075025300,,,383005,0,4634,4634,31336.42,0.147879064,4634,2567,2067,4634,359,203,81,91,277,902,1049,664,543,231,100,134,4634,2877,108,29,474,0,773,373,1774,978,742,236,97,139,796,493,303,126563,1951,1774,806,968,4555,362,501,863,3692
6075025401,"Census Tract 254.01, San Francisco County, California","Census Tract 254.01, San Francisco County, California",ca,140,0,ACSSF,9092,,,,,6,75,,,,25401,,,,,,,,,,,,,,,,,,,,,,,,,,,,,,,,,,,14000US06075025401,,,363715,12207,4171,4171,29701.39,0.140431153,4171,2156,2015,4171,189,141,321,92,287,726,728,870,456,222,84,55,4171,2019,116,1,485,0,1308,242,1358,840,659,181,40,141,518,229,289,114211,1413,1358,558,800,4171,192,825,1017,3154
6075025402,"Census Tract 254.02, San Francisco County, California","Census Tract 254.02, San Francisco County, California",ca,140,0,ACSSF,9093,,,,,6,75,,,,25402,,,,,,,,,,,,,,,,,,,,,,,,,,,,,,,,,,,14000US06075025402,,,300170,0,3249,3249,28033.68,0.11589629,3249,1637,1612,3249,230,110,67,102,166,481,598,527,414,329,194,31,3249,1612,106,74,1013,0,309,135,1110,658,493,165,54,111,452,142,310,128750,1167,1110,785,325,3249,283,266,549,2700
6075025403,"Census Tract 254.03, San Francisco County, California","Census Tract 254.03, San Francisco County, California",ca,140,0,ACSSF,9094,,,,,6,75,,,,25403,,,,,,,,,,,,,,,,,,,,,,,,,,,,,,,,,,,14000US06075025403,,,516564,0,5054,5054,25340.13,0.199446484,5054,2582,2472,5054,348,239,287,184,219,883,948,822,541,261,246,76,5054,1845,509,26,1294,0,1077,303,1415,1000,630,370,47,323,415,271,144,94135,1567,1415,797,618,5041,425,806,1231,3810
6075025500,"Census Tract 255, San Francisco County, California","Census Tract 255, San Francisco County, California",ca,140,0,ACSSF,9095,,,,,6,75,,,,25500,,,,,,,,,,,,,,,,,,,,,,,,,,,,,,,,,,,14000US06075025500,,,1076566,0,9366,9366,22532.6,0.415664474,9366,4772,4594,9366,655,379,367,321,525,1778,1304,1343,1026,903,603,162,9366,3025,98,0,3884,0,1694,665,2772,1919,1278,641,230,411,853,415,438,106000,2772,2772,1909,863,9355,537,1099,1636,7719
6075025600,"Census Tract 256, San Francisco County, California","Census Tract 256, San Francisco County, California",ca,140,0,ACSSF,9096,,,,,6,75,,,,25600,,,,,,,,,,,,,,,,,,,,,,,,,,,,,,,,,,,14000US06075025600,,,562531,0,5503,5503,25336.74,0.217194443,5503,2946,2557,5503,200,239,299,179,392,604,856,1020,709,522,291,192,5503,1342,140,85,3145,0,475,316,1605,1100,806,294,106,188,505,287,218,74688,1738,1605,1136,469,5489,495,851,1346,4143
6075025701,"Census Tract 257.01, San Francisco County, California","Census Tract 257.01, San Francisco County, California",ca,140,0,ACSSF,9097,,,,,6,75,,,,25701,,,,,,,,,,,,,,,,,,,,,,,,,,,,,,,,,,,14000US06075025701,,,627371,0,5301,5301,21884.22,0.242229308,5301,2675,2626,5301,176,298,224,195,356,850,872,831,552,488,339,120,5301,858,152,11,3403,5,806,66,1467,1093,818,275,79,196,374,149,225,95669,1511,1467,1006,461,5267,423,433,856,4411
6075025702,"Census Tract 257.02, San Francisco County, California","Census Tract 257.02, San Francisco County, California",ca,140,0,ACSSF,9098,,,,,6,75,,,,25702,,,,,,,,,,,,,,,,,,,,,,,,,,,,,,,,,,,14000US06075025702,,,533460,0,4698,4698,22809.14,0.205970066,4698,2218,2480,4698,268,238,328,153,361,715,613,621,587,432,209,173,4698,514,142,14,2768,61,1137,62,1254,1031,652,379,111,268,223,120,103,63311,1355,1254,610,644,4693,572,1408,1980,2713
6075025800,"Census Tract 258, San Francisco County, California","Census Tract 258, San Francisco County, California",ca,140,0,ACSSF,9099,,,,,6,75,,,,25800,,,,,,,,,,,,,,,,,,,,,,,,,,,,,,,,,,,14000US06075025800,,,241711,0,1853,1853,19855.31,0.093325143,1853,870,983,1853,88,46,121,85,137,181,297,302,300,210,59,27,1853,439,148,45,909,0,199,113,634,407,252,155,72,83,227,107,120,72411,647,634,341,293,1853,231,395,626,1227
6075025900,"Census Tract 259, San Francisco County, California","Census Tract 259, San Francisco County, California",ca,140,0,ACSSF,9100,,,,,6,75,,,,25900,,,,,,,,,,,,,,,,,,,,,,,,,,,,,,,,,,,14000US06075025900,,,658503,81108,4897,4897,19260.61,0.254249441,4897,2409,2488,4897,173,377,144,133,324,903,634,687,767,418,153,184,4897,1488,416,18,2302,0,361,312,1492,908,633,275,80,195,584,318,266,101935,1492,1492,1144,348,4897,285,303,588,4309
6075026001,"Census Tract 260.01, San Francisco County, California","Census Tract 260.01, San Francisco County, California",ca,140,0,ACSSF,9101,,,,,6,75,,,,26001,,,,,,,,,,,,,,,,,,,,,,,,,,,,,,,,,,,14000US06075026001,,,407294,0,5940,5940,37772.54,0.157257099,5940,2881,3059,5940,345,351,345,150,488,849,738,1145,807,410,220,92,5940,1853,183,33,2208,0,1333,330,1621,1273,775,498,115,383,348,207,141,62656,1699,1621,869,752,5940,689,1539,2228,3712
6075026002,"Census Tract 260.02, San Francisco County, California","Census Tract 260.02, San Francisco County, California",ca,140,0,ACSSF,9102,,,,,6,75,,,,26002,,,,,,,,,,,,,,,,,,,,,,,,,,,,,,,,,,,14000US06075026002,,,357872,0,3570,3570,25836.77,0.138175158,3570,1829,1741,3570,162,133,139,104,222,603,449,606,451,305,156,240,3570,1230,241,17,1313,0,612,157,1000,675,467,208,24,184,325,152,173,94200,1048,1000,755,245,3281,259,568,827,2454
6075026003,"Census Tract 260.03, San Francisco County, California","Census Tract 260.03, San Francisco County, California",ca,140,0,ACSSF,9103,,,,,6,75,,,,26003,,,,,,,,,,,,,,,,,,,,,,,,,,,,,,,,,,,14000US06075026003,,,402979,0,5342,5342,34333.59,0.155591068,5342,2691,2651,5342,249,310,241,231,335,1073,713,743,591,377,326,153,5342,1220,71,38,2335,0,1561,117,1434,1121,780,341,82,259,313,161,152,62563,1446,1434,909,525,5309,309,1063,1372,3937
6075026004,"Census Tract 260.04, San Francisco County, California","Census Tract 260.04, San Francisco County, California",ca,140,0,ACSSF,9104,,,,,6,75,,,,26004,,,,,,,,,,,,,,,,,,,,,,,,,,,,,,,,,,,14000US06075026004,,,336229,0,5043,5043,38846.47,0.129818748,5043,2674,2369,5043,343,341,117,187,327,993,718,616,853,319,185,44,5043,1250,93,52,2304,12,1045,287,1297,912,647,265,137,128,385,268,117,86192,1308,1297,830,467,5029,713,544,1257,3772
6075026100,"Census Tract 261, San Francisco County, California","Census Tract 261, San Francisco County, California",ca,140,0,ACSSF,9105,,,,,6,75,,,,26100,,,,,,,,,,,,,,,,,,,,,,,,,,,,,,,,,,,14000US06075026100,,,751208,0,7310,7310,25203.16,0.290043043,7310,3513,3797,7310,327,271,198,182,658,1451,803,1054,1246,655,263,202,7310,1095,93,19,4374,15,1411,303,2037,1432,999,433,82,351,605,284,321,78640,2048,2037,1175,862,7282,402,1336,1738,5544
6075026200,"Census Tract 262, San Francisco County, California","Census Tract 262, San Francisco County, California",ca,140,0,ACSSF,9106,,,,,6,75,,,,26200,,,,,,,,,,,,,,,,,,,,,,,,,,,,,,,,,,,14000US06075026200,,,774531,0,7806,7806,26102.82,0.299048104,7806,3864,3942,7806,186,389,544,140,627,1322,890,1154,1352,750,324,128,7806,1058,60,53,5300,0,1058,277,2008,1602,1154,448,189,259,406,197,209,79861,2113,2008,1357,651,7759,450,1767,2217,5542
6075026301,"Census Tract 263.01, San Francisco County, California","Census Tract 263.01, San Francisco County, California",ca,140,0,ACSSF,9107,,,,,6,75,,,,26301,,,,,,,,,,,,,,,,,,,,,,,,,,,,,,,,,,,14000US06075026301,,,367744,0,5084,5084,35806.16,0.141986758,5084,2499,2585,5084,188,235,213,103,394,946,656,750,763,449,261,126,5084,1074,17,27,3218,0,598,150,1379,1033,577,456,130,326,346,188,158,65893,1415,1379,850,529,5062,592,1122,1714,3348
6075026302,"Census Tract 263.02, San Francisco County, California","Census Tract 263.02, San Francisco County, California",ca,140,0,ACSSF,9108,,,,,6,75,,,,26302,,,,,,,,,,,,,,,,,,,,,,,,,,,,,,,,,,,14000US06075026302,,,760317,0,5149,5149,17539.85,0.293560047,5149,2527,2622,5149,134,176,220,168,419,853,729,618,1098,359,322,53,5149,1077,119,0,2955,0,723,275,1539,1162,800,362,110,252,377,158,219,79375,1591,1539,902,637,5117,392,524,916,4201
6075026303,"Census Tract 263.03, San Francisco County, California","Census Tract 263.03, San Francisco County, California",ca,140,0,ACSSF,9109,,,,,6,75,,,,26303,,,,,,,,,,,,,,,,,,,,,,,,,,,,,,,,,,,14000US06075026303,,,426600,0,4783,4783,29038.71,0.164711188,4783,2551,2232,4783,229,222,237,171,318,723,447,916,667,478,220,155,4783,955,14,6,2562,0,1204,42,1238,1069,809,260,76,184,169,78,91,80690,1373,1238,724,514,4720,600,825,1425,3295
6075026401,"Census Tract 264.01, San Francisco County, California","Census Tract 264.01, San Francisco County, California",ca,140,0,ACSSF,9110,,,,,6,75,,,,26401,,,,,,,,,,,,,,,,,,,,,,,,,,,,,,,,,,,14000US06075026401,,,341043,0,3587,3587,27240.81,0.131677444,3587,1800,1787,3587,230,112,154,113,330,396,458,503,538,374,290,89,3587,273,308,0,2398,14,517,77,1033,857,541,316,156,160,176,71,105,59453,1077,1033,756,277,3574,351,637,988,2586
6075026402,"Census Tract 264.02, San Francisco County, California","Census Tract 264.02, San Francisco County, California",ca,140,0,ACSSF,9111,,,,,6,75,,,,26402,,,,,,,,,,,,,,,,,,,,,,,,,,,,,,,,,,,14000US06075026402,,,414505,0,5120,5120,31991.75,0.160041282,5120,2514,2606,5120,350,266,171,122,476,1031,736,681,746,315,128,98,5120,715,412,17,2506,0,1144,326,1224,900,632,268,98,170,324,150,174,87404,1253,1224,758,466,5042,339,567,906,4136
6075026403,"Census Tract 264.03, San Francisco County, California","Census Tract 264.03, San Francisco County, California",ca,140,0,ACSSF,9112,,,,,6,75,,,,26403,,,,,,,,,,,,,,,,,,,,,,,,,,,,,,,,,,,14000US06075026403,,,379382,0,3945,3945,26931.96,0.146480215,3945,2149,1796,3945,144,154,187,67,544,370,614,603,602,342,241,77,3945,587,74,6,2606,28,527,117,1153,855,672,183,49,134,298,195,103,61131,1217,1153,568,585,3842,457,819,1276,2566
6075026404,"Census Tract 264.04, San Francisco County, California","Census Tract 264.04, San Francisco County, California",ca,140,0,ACSSF,9113,,,,,6,75,,,,26404,,,,,,,,,,,,,,,,,,,,,,,,,,,,,,,,,,,14000US06075026404,,,188349,0,3061,3061,42091.82,0.072721959,3061,1466,1595,3061,211,214,172,164,300,367,512,487,251,266,85,32,3061,427,414,0,1596,153,456,15,721,595,394,201,53,148,126,40,86,54958,736,721,390,331,3037,470,765,1235,1802
6075030101,"Census Tract 301.01, San Francisco County, California","Census Tract 301.01, San Francisco County, California",ca,140,0,ACSSF,9114,,,,,6,75,,,,30101,,,,,,,,,,,,,,,,,,,,,,,,,,,,,,,,,,,14000US06075030101,,,346434,0,4893,4893,36580.74,0.133758921,4893,2434,2459,4893,238,93,142,79,189,1705,964,594,469,292,108,20,4893,3057,81,28,1152,29,269,277,2119,826,703,123,50,73,1293,700,593,117668,2239,2119,651,1468,4751,671,317,988,3763
6075030102,"Census Tract 301.02, San Francisco County, California","Census Tract 301.02, San Francisco County, California",ca,140,0,ACSSF,9115,,,,,6,75,,,,30102,,,,,,,,,,,,,,,,,,,,,,,,,,,,,,,,,,,14000US06075030102,,,1260212,14870,5090,5090,10460.97,0.486570594,5090,2626,2464,5090,166,237,206,94,384,1335,815,695,504,303,142,209,5090,3673,77,16,977,0,219,128,2268,1032,952,80,24,56,1236,636,600,123333,2402,2268,1101,1167,4612,192,182,374,4238
6075030201,"Census Tract 302.01, San Francisco County, California","Census Tract 302.01, San Francisco County, California",ca,140,0,ACSSF,9116,,,,,6,75,,,,30201,,,,,,,,,,,,,,,,,,,,,,,,,,,,,,,,,,,14000US06075030201,,,360958,0,4454,4454,31958.86,0.139366669,4454,2205,2249,4454,153,215,183,59,181,1301,814,632,339,318,125,134,4454,2197,28,0,1696,0,122,411,1910,1004,775,229,146,83,906,406,500,97039,1983,1910,551,1359,4414,262,347,609,3805
6075030202,"Census Tract 302.02, San Francisco County, California","Census Tract 302.02, San Francisco County, California",ca,140,0,ACSSF,9117,,,,,6,75,,,,30202,,,,,,,,,,,,,,,,,,,,,,,,,,,,,,,,,,,14000US06075030202,,,355664,0,4384,4384,31924.81,0.137322644,4384,1853,2531,4384,150,119,59,66,138,1608,926,356,497,335,17,113,4384,2393,141,0,1299,0,188,363,2128,936,728,208,85,123,1192,653,539,114535,2163,2128,567,1561,4384,628,158,786,3598
6075030301,"Census Tract 303.01, San Francisco County, California","Census Tract 303.01, San Francisco County, California",ca,140,0,ACSSF,9118,,,,,6,75,,,,30301,,,,,,,,,,,,,,,,,,,,,,,,,,,,,,,,,,,14000US06075030301,,,752520,0,5907,5907,20330.44,0.290549609,5907,2786,3121,5907,367,304,143,75,255,1345,814,830,596,727,190,261,5907,2694,120,0,2543,0,228,322,2355,1394,1202,192,31,161,961,447,514,140179,2624,2355,1369,986,5851,423,643,1066,4785
6075030302,"Census Tract 303.02, San Francisco County, California","Census Tract 303.02, San Francisco County, California",ca,140,0,ACSSF,9119,,,,,6,75,,,,30302,,,,,,,,,,,,,,,,,,,,,,,,,,,,,,,,,,,14000US06075030302,,,597812,0,4108,4108,17797.69,0.230816513,4108,1898,2210,4108,149,200,251,128,332,524,525,467,833,463,138,98,4108,1709,138,0,2111,0,32,118,1490,976,859,117,10,107,514,131,383,135143,1497,1490,1198,292,4108,254,236,490,3618
6075030400,"Census Tract 304, San Francisco County, California","Census Tract 304, San Francisco County, California",ca,140,0,ACSSF,9120,,,,,6,75,,,,30400,,,,,,,,,,,,,,,,,,,,,,,,,,,,,,,,,,,14000US06075030400,,,973464,0,5626,5626,14968.48,0.375856568,5626,2604,3022,5626,439,269,197,134,418,789,817,789,797,511,340,126,5626,2864,150,6,2040,37,230,299,2000,1445,1182,263,70,193,555,223,332,156786,2088,2000,1550,450,5613,290,443,733,4880
6075030500,"Census Tract 305, San Francisco County, California","Census Tract 305, San Francisco County, California",ca,140,0,ACSSF,9121,,,,,6,75,,,,30500,,,,,,,,,,,,,,,,,,,,,,,,,,,,,,,,,,,14000US06075030500,,,1087780,35670,3116,3116,7419.149,0.419994224,3116,1721,1395,3116,127,100,128,103,67,461,343,328,531,354,302,272,3116,1572,304,7,801,20,163,249,1045,624,534,90,49,41,421,231,190,122813,1067,1045,757,288,2501,187,195,382,2119
6075030600,"Census Tract 306, San Francisco County, California","Census Tract 306, San Francisco County, California",ca,140,0,ACSSF,9122,,,,,6,75,,,,30600,,,,,,,,,,,,,,,,,,,,,,,,,,,,,,,,,,,14000US06075030600,,,521625,0,2420,2420,12015.86,0.201400547,2420,1206,1214,2420,191,136,146,89,102,195,344,397,337,251,158,74,2420,1373,24,0,662,0,168,193,876,678,561,117,20,97,198,105,93,155000,915,876,740,136,2411,47,202,249,2162
6075030700,"Census Tract 307, San Francisco County, California","Census Tract 307, San Francisco County, California",ca,140,0,ACSSF,9123,,,,,6,75,,,,30700,,,,,,,,,,,,,,,,,,,,,,,,,,,,,,,,,,,14000US06075030700,,,1431895,9359,6964,6964,12596.37,0.552857774,6964,3686,3278,6964,520,339,384,131,187,619,1283,922,1238,661,502,178,6964,4083,210,44,1970,0,139,518,2732,2040,1708,332,84,248,692,459,233,139531,2862,2732,2215,517,6964,179,910,1089,5875
6075030800,"Census Tract 308, San Francisco County, California","Census Tract 308, San Francisco County, California",ca,140,0,ACSSF,9124,,,,,6,75,,,,30800,,,,,,,,,,,,,,,,,,,,,,,,,,,,,,,,,,,14000US06075030800,,,1243204,0,6768,6768,14099.89,0.480003768,6768,3283,3485,6768,393,195,423,214,268,930,903,1169,989,726,398,160,6768,3859,284,20,2295,38,128,144,2272,1685,1316,369,141,228,587,248,339,151250,2422,2272,1704,568,6708,147,335,482,6226
6075030900,"Census Tract 309, San Francisco County, California","Census Tract 309, San Francisco County, California",ca,140,0,ACSSF,9125,,,,,6,75,,,,30900,,,,,,,,,,,,,,,,,,,,,,,,,,,,,,,,,,,14000US06075030900,,,1853670,0,6942,6942,9699.514,0.715706019,6942,3506,3436,6942,118,438,497,325,620,510,646,1316,1046,624,627,175,6942,3312,173,0,2991,0,88,378,2323,1873,1570,303,137,166,450,258,192,174946,2442,2323,2201,122,6921,518,163,681,6240
6075031000,"Census Tract 310, San Francisco County, California","Census Tract 310, San Francisco County, California",ca,140,0,ACSSF,9126,,,,,6,75,,,,31000,,,,,,,,,,,,,,,,,,,,,,,,,,,,,,,,,,,14000US06075031000,,,819577,0,3799,3799,12005.42,0.316440462,3799,1817,1982,3799,302,246,259,156,167,195,564,495,492,521,277,125,3799,2015,71,5,1255,0,146,307,1311,1080,862,218,79,139,231,81,150,131544,1382,1311,1029,282,3799,215,166,381,3418
6075031100,"Census Tract 311, San Francisco County, California","Census Tract 311, San Francisco County, California",ca,140,0,ACSSF,9127,,,,,6,75,,,,31100,,,,,,,,,,,,,,,,,,,,,,,,,,,,,,,,,,,14000US06075031100,,,1078276,0,6726,6726,16155.66,0.416324709,6726,3327,3399,6726,418,213,214,133,516,1455,1009,764,1011,515,346,132,6726,3760,160,0,1861,12,518,415,2428,1607,1123,484,152,332,821,429,392,112750,2653,2428,1633,795,6726,308,289,597,6129
6075031201,"Census Tract 312.01, San Francisco County, California","Census Tract 312.01, San Francisco County, California",ca,140,0,ACSSF,9128,,,,,6,75,,,,31201,,,,,,,,,,,,,,,,,,,,,,,,,,,,,,,,,,,14000US06075031201,,,512108,0,7477,7477,37814.95,0.197726013,7477,3806,3671,7477,276,364,220,144,862,1369,984,1339,942,472,289,216,7477,1696,404,45,4333,0,633,366,2008,1367,948,419,182,237,641,383,258,81443,2088,2008,1097,911,7436,767,1365,2132,5304
6075031202,"Census Tract 312.02, San Francisco County, California","Census Tract 312.02, San Francisco County, California",ca,140,0,ACSSF,9129,,,,,6,75,,,,31202,,,,,,,,,,,,,,,,,,,,,,,,,,,,,,,,,,,14000US06075031202,,,309420,0,3451,3451,28886.46,0.119467735,3451,1766,1685,3451,168,117,173,126,400,490,469,540,399,326,185,58,3451,370,569,6,2006,28,303,169,881,628,410,218,78,140,253,184,69,77267,922,881,599,282,3436,492,415,907,2529
6075031301,"Census Tract 313.01, San Francisco County, California","Census Tract 313.01, San Francisco County, California",ca,140,0,ACSSF,9130,,,,,6,75,,,,31301,,,,,,,,,,,,,,,,,,,,,,,,,,,,,,,,,,,14000US06075031301,,,451932,0,4397,4397,25198.87,0.174491928,4397,2147,2250,4397,144,204,187,148,513,573,501,902,459,388,210,168,4397,1040,780,41,2063,0,25,448,1279,935,723,212,41,171,344,214,130,97866,1358,1279,1032,247,4397,403,944,1347,3050
6075031302,"Census Tract 313.02, San Francisco County, California","Census Tract 313.02, San Francisco County, California",ca,140,0,ACSSF,9131,,,,,6,75,,,,31302,,,,,,,,,,,,,,,,,,,,,,,,,,,,,,,,,,,14000US06075031302,,,684969,0,6225,6225,23537.82,0.264468021,6225,3116,3109,6225,324,235,291,191,619,1011,889,916,827,535,304,83,6225,1211,641,0,3695,0,371,307,1944,1207,764,443,134,309,737,419,318,78548,2003,1944,1367,577,6171,847,767,1614,4557
6075031400,"Census Tract 314, San Francisco County, California","Census Tract 314, San Francisco County, California",ca,140,0,ACSSF,9132,,,,,6,75,,,,31400,,,,,,,,,,,,,,,,,,,,,,,,,,,,,,,,,,,14000US06075031400,,,770543,0,6915,6915,23243.05,0.297508328,6915,3576,3339,6915,189,329,249,159,671,1500,625,950,1257,512,288,186,6915,1248,1036,42,3758,15,644,172,1883,1372,780,592,175,417,511,323,188,64282,1967,1883,1245,638,6890,930,1322,2252,4638
6075032601,"Census Tract 326.01, San Francisco County, California","Census Tract 326.01, San Francisco County, California",ca,140,0,ACSSF,9133,,,,,6,75,,,,32601,,,,,,,,,,,,,,,,,,,,,,,,,,,,,,,,,,,14000US06075032601,,,417682,0,5178,5178,32108.06,0.161267929,5178,2776,2402,5178,139,185,243,146,412,1352,797,698,568,420,183,35,5178,1830,87,23,2684,0,122,432,1809,1149,854,295,66,229,660,380,280,100240,1912,1809,712,1097,5178,470,610,1080,4098
6075032602,"Census Tract 326.02, San Francisco County, California","Census Tract 326.02, San Francisco County, California",ca,140,0,ACSSF,9134,,,,,6,75,,,,32602,,,,,,,,,,,,,,,,,,,,,,,,,,,,,,,,,,,14000US06075032602,,,472116,0,5047,5047,27687.41,0.182285014,5047,2363,2684,5047,224,234,232,80,277,967,759,668,639,489,211,267,5047,1546,10,0,2923,0,352,216,1787,1065,821,244,85,159,722,328,394,91433,1813,1787,850,937,5014,496,566,1062,3952
6075032700,"Census Tract 327, San Francisco County, California","Census Tract 327, San Francisco County, California",ca,140,0,ACSSF,9135,,,,,6,75,,,,32700,,,,,,,,,,,,,,,,,,,,,,,,,,,,,,,,,,,14000US06075032700,,,844707,0,7215,7215,22122.18,0.32614321,7215,3594,3621,7215,193,289,150,186,661,1339,745,1090,942,934,503,183,7215,2619,1,0,3869,79,184,463,2484,1733,1364,369,132,237,751,276,475,111114,2646,2484,1787,697,7215,542,737,1279,5936
6075032801,"Census Tract 328.01, San Francisco County, California","Census Tract 328.01, San Francisco County, California",ca,140,0,ACSSF,9136,,,,,6,75,,,,32801,,,,,,,,,,,,,,,,,,,,,,,,,,,,,,,,,,,14000US06075032801,,,585365,0,4505,4505,19932.69,0.2260107,4505,2146,2359,4505,274,192,165,42,269,906,555,555,621,430,349,147,4505,1522,102,5,2681,0,46,149,1473,996,837,159,42,117,477,154,323,110255,1586,1473,798,675,4352,208,592,800,3552
6075032802,"Census Tract 328.02, San Francisco County, California","Census Tract 328.02, San Francisco County, California",ca,140,0,ACSSF,9137,,,,,6,75,,,,32802,,,,,,,,,,,,,,,,,,,,,,,,,,,,,,,,,,,14000US06075032802,,,548900,97204,4226,4226,19940.41,0.211931484,4226,2107,2119,4226,99,200,155,101,367,841,438,612,665,388,269,91,4226,1062,104,8,2738,10,74,230,1530,1006,810,196,68,128,524,217,307,90700,1601,1530,933,597,4226,468,239,707,3519
6075032901,"Census Tract 329.01, San Francisco County, California","Census Tract 329.01, San Francisco County, California",ca,140,0,ACSSF,9138,,,,,6,75,,,,32901,,,,,,,,,,,,,,,,,,,,,,,,,,,,,,,,,,,14000US06075032901,,,671900,0,5878,5878,22658.06,0.259422051,5878,2690,3188,5878,309,176,289,229,525,854,822,757,745,531,458,183,5878,1680,41,0,3590,34,155,378,1785,1272,1011,261,76,185,513,221,292,98023,1869,1785,1345,440,5815,473,432,905,4910
6075032902,"Census Tract 329.02, San Francisco County, California","Census Tract 329.02, San Francisco County, California",ca,140,0,ACSSF,9139,,,,,6,75,,,,32902,,,,,,,,,,,,,,,,,,,,,,,,,,,,,,,,,,,14000US06075032902,,,504600,0,4423,4423,22702.17,0.194827158,4423,2212,2211,4423,178,192,144,125,218,705,645,532,745,515,280,144,4423,1152,57,0,3037,0,5,172,1385,958,664,294,89,205,427,225,202,93613,1447,1385,968,417,4344,614,374,988,3356
6075033000,"Census Tract 330, San Francisco County, California","Census Tract 330, San Francisco County, California",ca,140,0,ACSSF,9140,,,,,6,75,,,,33000,,,,,,,,,,,,,,,,,,,,,,,,,,,,,,,,,,,14000US06075033000,,,1503630,8871,8390,8390,14451.69,0.580554813,8390,4098,4292,8390,464,412,434,228,654,1183,1225,1290,938,941,330,291,8390,3149,59,45,4739,0,124,274,2764,1845,1516,329,79,250,919,513,406,96818,2898,2764,1745,1019,8299,1001,702,1703,6596
6075033100,"Census Tract 331, San Francisco County, California","Census Tract 331, San Francisco County, California",ca,140,0,ACSSF,9141,,,,,6,75,,,,33100,,,,,,,,,,,,,,,,,,,,,,,,,,,,,,,,,,,14000US06075033100,,,895560,0,3978,3978,11504.5,0.345777664,3978,2030,1948,3978,135,251,176,142,220,451,429,580,683,499,224,188,3978,1439,30,0,2339,0,48,122,1414,1054,831,223,120,103,360,134,226,111333,1567,1414,1237,177,3918,298,207,505,3413
6075033201,"Census Tract 332.01, San Francisco County, California","Census Tract 332.01, San Francisco County, California",ca,140,0,ACSSF,9142,,,,,6,75,,,,33201,,,,,,,,,,,,,,,,,,,,,,,,,,,,,,,,,,,14000US06075033201,,,970828,0,4281,4281,11420.91,0.374838802,4281,1532,2749,4281,13,41,19,74,3411,287,86,77,91,108,46,28,4281,1759,307,15,944,22,775,459,617,187,151,36,6,30,430,227,203,28750,739,617,0,617,1666,889,368,1257,409
6075033203,"Census Tract 332.03, San Francisco County, California","Census Tract 332.03, San Francisco County, California",ca,140,0,ACSSF,9143,,,,,6,75,,,,33203,,,,,,,,,,,,,,,,,,,,,,,,,,,,,,,,,,,14000US06075033203,,,437672,0,3580,3580,21185.17,0.168986111,3580,1859,1721,3580,51,88,35,96,924,779,415,386,371,295,84,56,3580,1686,315,0,1240,0,223,116,1499,649,440,209,56,153,850,446,404,50360,1569,1499,0,1499,3580,897,707,1604,1976
6075033204,"Census Tract 332.04, San Francisco County, California","Census Tract 332.04, San Francisco County, California",ca,140,0,ACSSF,9144,,,,,6,75,,,,33204,,,,,,,,,,,,,,,,,,,,,,,,,,,,,,,,,,,14000US06075033204,,,373253,0,4678,4678,32460.46,0.144113795,4678,2447,2231,4678,78,180,71,64,1718,895,565,331,315,269,125,67,4678,1725,406,20,1621,0,714,192,1623,628,444,184,50,134,995,549,446,59125,1731,1623,0,1623,4678,1604,823,2427,2251
6075035100,"Census Tract 351, San Francisco County, California","Census Tract 351, San Francisco County, California",ca,140,0,ACSSF,9145,,,,,6,75,,,,35100,,,,,,,,,,,,,,,,,,,,,,,,,,,,,,,,,,,14000US06075035100,,,925693,0,9020,9020,25236.98,0.357412081,9020,4026,4994,9020,499,407,329,274,410,1587,1515,1517,1071,728,404,279,9020,2938,59,52,5034,0,43,894,2851,1988,1319,669,177,492,863,392,471,125408,2977,2851,1619,1232,8971,819,624,1443,7528
6075035201,"Census Tract 352.01, San Francisco County, California","Census Tract 352.01, San Francisco County, California",ca,140,0,ACSSF,9146,,,,,6,75,,,,35201,,,,,,,,,,,,,,,,,,,,,,,,,,,,,,,,,,,14000US06075035201,,,939755,630051,6180,6180,17032.23,0.362841449,6180,2957,3223,6180,311,305,253,137,399,1281,886,830,689,586,333,170,6180,2372,8,1,3390,0,148,261,1961,1332,994,338,65,273,629,306,323,92719,2035,1961,1345,616,6175,734,574,1308,4867
6075035202,"Census Tract 352.02, San Francisco County, California","Census Tract 352.02, San Francisco County, California",ca,140,0,ACSSF,9147,,,,,6,75,,,,35202,,,,,,,,,,,,,,,,,,,,,,,,,,,,,,,,,,,14000US06075035202,,,372758,0,4911,4911,34122.49,0.143922675,4911,2503,2408,4911,214,196,146,179,297,1189,670,845,428,443,169,135,4911,2177,124,0,1971,201,105,333,1886,965,769,196,97,99,921,531,390,83977,1950,1886,651,1235,4911,495,595,1090,3821
6075035300,"Census Tract 353, San Francisco County, California","Census Tract 353, San Francisco County, California",ca,140,0,ACSSF,9148,,,,,6,75,,,,35300,,,,,,,,,,,,,,,,,,,,,,,,,,,,,,,,,,,14000US06075035300,,,1126337,0,7510,7510,17269.09,0.434881165,7510,3433,4077,7510,439,298,398,110,761,1158,736,1072,1071,794,438,235,7510,2164,72,13,4697,19,207,338,2625,1815,1376,439,34,405,810,452,358,81748,2625,2625,1792,833,7484,606,1093,1699,5785
6075035400,"Census Tract 354, San Francisco County, California","Census Tract 354, San Francisco County, California",ca,140,0,ACSSF,9149,,,,,6,75,,,,35400,,,,,,,,,,,,,,,,,,,,,,,,,,,,,,,,,,,14000US06075035400,,,1033599,557642,7075,7075,17728.51,0.399074822,7075,3289,3786,7075,241,243,280,147,350,1208,1073,1178,1112,461,408,374,7075,2461,129,0,3552,0,522,411,2525,1667,1257,410,184,226,858,459,399,97689,2612,2525,1556,969,7060,553,721,1274,5786
6075040100,"Census Tract 401, San Francisco County, California","Census Tract 401, San Francisco County, California",ca,140,0,ACSSF,9150,,,,,6,75,,,,40100,,,,,,,,,,,,,,,,,,,,,,,,,,,,,,,,,,,14000US06075040100,,,419128,0,4670,4670,28858.12,0.161826232,4670,2128,2542,4670,308,171,80,43,330,1322,770,497,497,364,177,111,4670,2695,58,0,1740,18,62,97,1944,878,781,97,61,36,1066,389,677,96875,2025,1944,512,1432,4617,570,348,918,3699
6075040200,"Census Tract 402, San Francisco County, California","Census Tract 402, San Francisco County, California",ca,140,0,ACSSF,9151,,,,,6,75,,,,40200,,,,,,,,,,,,,,,,,,,,,,,,,,,,,,,,,,,14000US06075040200,,,531470,0,5633,5633,27451.04,0.205201723,5633,2576,3057,5633,267,313,169,75,459,1110,891,686,715,424,350,174,5633,3220,12,0,1884,0,165,352,2367,1009,789,220,57,163,1358,459,899,98531,2597,2367,858,1509,5611,364,675,1039,4572
6075042601,"Census Tract 426.01, San Francisco County, California","Census Tract 426.01, San Francisco County, California",ca,140,0,ACSSF,9152,,,,,6,75,,,,42601,,,,,,,,,,,,,,,,,,,,,,,,,,,,,,,,,,,14000US06075042601,,,293133,0,3956,3956,34953.39,0.113179289,3956,1908,2048,3956,262,105,118,78,292,613,752,528,509,369,235,95,3956,2032,246,7,1439,0,52,180,1768,763,578,185,85,100,1005,490,515,81815,1905,1768,418,1350,3956,500,370,870,3086
6075042602,"Census Tract 426.02, San Francisco County, California","Census Tract 426.02, San Francisco County, California",ca,140,0,ACSSF,9153,,,,,6,75,,,,42602,,,,,,,,,,,,,,,,,,,,,,,,,,,,,,,,,,,14000US06075042602,,,332059,0,3157,3157,24623.91,0.128208702,3157,1518,1639,3157,265,98,126,21,159,557,641,378,316,288,234,74,3157,1818,29,0,1029,0,43,238,1438,783,676,107,27,80,655,275,380,113258,1612,1438,483,955,3157,112,189,301,2856
6075042700,"Census Tract 427, San Francisco County, California","Census Tract 427, San Francisco County, California",ca,140,0,ACSSF,9154,,,,,6,75,,,,42700,,,,,,,,,,,,,,,,,,,,,,,,,,,,,,,,,,,14000US06075042700,,,406940,0,5397,5397,34349.45,0.157120419,5397,2430,2967,5397,213,179,76,60,527,832,659,690,997,636,240,288,5397,2157,274,0,2608,29,104,225,2529,1273,875,398,111,287,1256,506,750,66595,2687,2529,773,1756,5397,873,900,1773,3624
6075042800,"Census Tract 428, San Francisco County, California","Census Tract 428, San Francisco County, California",ca,140,0,ACSSF,9155,,,,,6,75,,,,42800,,,,,,,,,,,,,,,,,,,,,,,,,,,,,,,,,,,14000US06075042800,,,551507,302821,2497,2497,11726.42,0.212938052,2497,1224,1273,2497,137,211,229,130,70,133,304,528,261,262,131,101,2497,1894,13,0,453,0,9,128,935,705,585,120,27,93,230,125,105,161523,1045,935,732,203,2497,114,67,181,2316
6075045100,"Census Tract 451, San Francisco County, California","Census Tract 451, San Francisco County, California",ca,140,0,ACSSF,9156,,,,,6,75,,,,45100,,,,,,,,,,,,,,,,,,,,,,,,,,,,,,,,,,,14000US06075045100,,,384459,0,5139,5139,34619.94,0.148440456,5139,2299,2840,5139,224,172,82,82,481,1652,650,561,577,248,275,135,5139,2732,106,7,1902,0,266,126,2116,939,797,142,34,108,1177,484,693,101480,2272,2116,800,1316,5139,359,648,1007,4132
6075045200,"Census Tract 452, San Francisco County, California","Census Tract 452, San Francisco County, California",ca,140,0,ACSSF,9157,,,,,6,75,,,,45200,,,,,,,,,,,,,,,,,,,,,,,,,,,,,,,,,,,14000US06075045200,,,592224,0,7113,7113,31107.46,0.228658974,7113,3238,3875,7113,186,412,358,29,396,1902,1149,807,798,553,437,86,7113,3397,264,0,2728,0,56,668,3018,1577,1106,471,134,337,1441,562,879,92193,3018,3018,925,2093,7100,833,717,1550,5550
6075047600,"Census Tract 476, San Francisco County, California","Census Tract 476, San Francisco County, California",ca,140,0,ACSSF,9158,,,,,6,75,,,,47600,,,,,,,,,,,,,,,,,,,,,,,,,,,,,,,,,,,14000US06075047600,,,531174,0,5660,5660,27597.98,0.205087437,5660,3052,2608,5660,304,195,165,105,513,990,668,955,718,570,201,276,5660,2431,72,1,2756,60,52,288,2290,1333,924,409,163,246,957,461,496,89031,2429,2290,952,1338,5660,274,303,577,5083
6075047701,"Census Tract 477.01, San Francisco County, California","Census Tract 477.01, San Francisco County, California",ca,140,0,ACSSF,9159,,,,,6,75,,,,47701,,,,,,,,,,,,,,,,,,,,,,,,,,,,,,,,,,,14000US06075047701,,,364728,0,4342,4342,30833.19,0.140822274,4342,1958,2384,4342,107,95,145,75,249,984,627,430,806,308,325,191,4342,1865,0,0,2012,75,102,288,1949,921,758,163,44,119,1028,361,667,82734,2068,1949,738,1211,4333,411,498,909,3424
6075047702,"Census Tract 477.02, San Francisco County, California","Census Tract 477.02, San Francisco County, California",ca,140,0,ACSSF,9160,,,,,6,75,,,,47702,,,,,,,,,,,,,,,,,,,,,,,,,,,,,,,,,,,14000US06075047702,,,352786,0,4054,4054,29762.55,0.136211442,4054,1931,2123,4054,103,241,192,43,262,671,689,579,570,353,256,95,4054,1823,21,0,1980,0,72,158,1541,915,691,224,49,175,626,307,319,96823,1705,1541,650,891,4054,322,483,805,3249
6075047801,"Census Tract 478.01, San Francisco County, California","Census Tract 478.01, San Francisco County, California",ca,140,0,ACSSF,9161,,,,,6,75,,,,47801,,,,,,,,,,,,,,,,,,,,,,,,,,,,,,,,,,,14000US06075047801,,,476606,0,4134,4134,22465.12,0.184018613,4134,1959,2175,4134,172,91,173,65,180,778,554,550,620,431,339,181,4134,1738,46,10,2009,0,35,296,1664,959,775,184,37,147,705,360,345,102083,1791,1664,834,830,4110,243,496,739,3371
6075047802,"Census Tract 478.02, San Francisco County, California","Census Tract 478.02, San Francisco County, California",ca,140,0,ACSSF,9162,,,,,6,75,,,,47802,,,,,,,,,,,,,,,,,,,,,,,,,,,,,,,,,,,14000US06075047802,,,339448,0,3892,3892,29695.96,0.131061611,3892,1795,2097,3892,140,187,219,109,444,634,629,507,411,224,237,151,3892,1361,12,34,2185,11,133,156,1453,803,610,193,41,152,650,252,398,80801,1625,1453,651,802,3826,341,631,972,2854
6075047901,"Census Tract 479.01, San Francisco County, California","Census Tract 479.01, San Francisco County, California",ca,140,0,ACSSF,9163,,,,,6,75,,,,47901,,,,,,,,,,,,,,,,,,,,,,,,,,,,,,,,,,,14000US06075047901,,,1166617,4096057,7113,7113,15791.46,0.450433361,7113,3370,3743,7113,356,200,490,55,448,983,1277,1029,948,680,462,185,7113,3129,166,0,3405,0,54,359,2648,1476,1082,394,108,286,1172,556,616,82241,2858,2648,1503,1145,7090,541,501,1042,6048
6075047902,"Census Tract 479.02, San Francisco County, California","Census Tract 479.02, San Francisco County, California",ca,140,0,ACSSF,9164,,,,,6,75,,,,47902,,,,,,,,,,,,,,,,,,,,,,,,,,,,,,,,,,,14000US06075047902,,,397735,0,3858,3858,25122.69,0.153566349,3858,1939,1919,3858,219,73,96,76,170,702,578,481,719,479,185,80,3858,1737,21,0,1550,0,46,504,1549,889,618,271,53,218,660,332,328,83984,1635,1549,747,802,3858,438,479,917,2941
6075060100,"Census Tract 601, San Francisco County, California","Census Tract 601, San Francisco County, California",ca,140,0,ACSSF,9165,,,,,6,75,,,,60100,,,,,,,,,,,,,,,,,,,,,,,,,,,,,,,,,,,14000US06075060100,,,6108839,20314175,4117,4117,1745.5,2.358636025,4117,2084,2033,4117,414,301,286,181,430,877,793,483,252,100,0,0,4117,3450,13,0,206,0,201,247,1315,901,740,161,18,143,414,149,265,195375,1352,1315,53,1262,4094,122,256,378,3716
6075060400,"Census Tract 604, San Francisco County, California","Census Tract 604, San Francisco County, California",ca,140,0,ACSSF,9166,,,,,6,75,,,,60400,,,,,,,,,,,,,,,,,,,,,,,,,,,,,,,,,,,14000US06075060400,,,4397443,2420402,1616,1616,951.7851,1.697862307,1616,785,831,1616,20,45,6,0,200,274,258,164,184,163,133,169,1616,1001,77,6,402,0,65,65,1020,296,276,20,7,13,724,331,393,47308,1084,1020,232,788,1616,210,313,523,1093
6075060502,"Census Tract 605.02, San Francisco County, California","Census Tract 605.02, San Francisco County, California",ca,140,0,ACSSF,9167,,,,,6,75,,,,60502,,,,,,,,,,,,,,,,,,,,,,,,,,,,,,,,,,,14000US06075060502,,,276333,0,3446,3446,32298.35,0.106692772,3446,1586,1860,3446,190,384,258,177,440,415,503,472,326,179,56,46,3446,342,641,51,1307,125,877,103,966,805,282,523,144,379,161,79,82,27989,1072,966,192,774,3417,1203,917,2120,1297
6075060700,"Census Tract 607, San Francisco County, California","Census Tract 607, San Francisco County, California",ca,140,0,ACSSF,9168,,,,,6,75,,,,60700,,,,,,,,,,,,,,,,,,,,,,,,,,,,,,,,,,,14000US06075060700,,,2082594,844393,11425,11425,14208.54,0.804094073,11425,5908,5517,11425,683,241,289,152,743,4299,2626,854,554,633,322,29,11425,4835,786,86,4618,0,632,468,5509,2557,2004,553,69,484,2952,1903,1049,141588,5895,5509,1808,3701,11156,1099,861,1960,9196
6075061000,"Census Tract 610, San Francisco County, California","Census Tract 610, San Francisco County, California",ca,140,0,ACSSF,9169,,,,,6,75,,,,61000,,,,,,,,,,,,,,,,,,,,,,,,,,,,,,,,,,,14000US06075061000,,,2169752,865060,4813,4813,5745.178,0.837745966,4813,2352,2461,4813,371,287,255,162,157,974,996,494,485,414,198,20,4813,929,731,0,2540,0,213,400,1667,1183,837,346,133,213,484,226,258,101977,1686,1667,999,668,4813,367,614,981,3832
6075061100,"Census Tract 611, San Francisco County, California","Census Tract 611, San Francisco County, California",ca,140,0,ACSSF,9170,,,,,6,75,,,,61100,,,,,,,,,,,,,,,,,,,,,,,,,,,,,,,,,,,14000US06075061100,,,239861,0,4572,4572,49367.86,0.092610854,4572,2250,2322,4572,203,162,175,138,191,518,317,732,862,538,439,297,4572,271,37,19,4178,53,0,14,2104,1161,989,172,29,143,943,447,496,16560,2284,2104,59,2045,4572,1819,1477,3296,1276
6075061200,"Census Tract 612, San Francisco County, California","Census Tract 612, San Francisco County, California",ca,140,0,ACSSF,9171,,,,,6,75,,,,61200,,,,,,,,,,,,,,,,,,,,,,,,,,,,,,,,,,,14000US06075061200,,,434742,0,4451,4451,26516.96,0.167854832,4451,2494,1957,4451,148,190,172,204,406,946,598,681,636,255,139,76,4451,809,999,9,1313,9,1237,75,1219,758,461,297,150,147,461,216,245,60903,1277,1219,488,731,4446,660,933,1593,2853
6075061400,"Census Tract 614, San Francisco County, California","Census Tract 614, San Francisco County, California",ca,140,0,ACSSF,9172,,,,,6,75,,,,61400,,,,,,,,,,,,,,,,,,,,,,,,,,,,,,,,,,,14000US06075061400,,,797745,0,6124,6124,19882.4,0.30801108,6124,3005,3119,6124,541,214,429,170,297,1320,1374,764,544,178,229,64,6124,2904,690,24,1171,0,799,536,2561,1447,778,669,147,522,1114,476,638,125234,2653,2561,1187,1374,6124,1283,775,2058,4066
6075061500,"Census Tract 615, San Francisco County, California","Census Tract 615, San Francisco County, California",ca,140,0,ACSSF,9173,,,,,6,75,,,,61500,,,,,,,,,,,,,,,,,,,,,,,,,,,,,,,,,,,14000US06075061500,,,1672402,439050,13864,13864,21470.67,0.64571805,13864,7337,6527,13864,605,312,285,87,862,3886,3537,2165,1355,252,392,126,13864,7341,304,35,5307,52,249,576,7706,2605,2249,356,162,194,5101,2897,2204,173449,9705,7706,2817,4889,13703,1318,843,2161,11542
6075980200,"Census Tract 9802, San Francisco County, California","Census Tract 9802, San Francisco County, California",ca,140,0,ACSSF,9174,,,,,6,75,,,,980200,,,,,,,,,,,,,,,,,,,,,,,,,,,,,,,,,,,14000US06075980200,,,1022573,779038,304,304,769.9757,0.394817659,304,241,63,304,6,0,0,0,0,7,52,47,31,95,27,39,304,148,48,0,93,0,10,5,57,26,26,0,0,0,31,11,20,149250,71,57,35,22,99,4,0,4,95
6075980300,"Census Tract 9803, San Francisco County, California","Census Tract 9803, San Francisco County, California",ca,140,0,ACSSF,9175,,,,,6,75,,,,980300,,,,,,,,,,,,,,,,,,,,,,,,,,,,,,,,,,,14000US06075980300,,,4341949,409466,84,84,50.1063,1.676435953,84,51,33,84,0,0,0,0,0,35,25,20,4,0,0,0,84,74,0,0,5,0,0,5,66,0,0,0,0,0,66,42,24,131333,66,66,0,66,84,0,4,4,80
6075980401,"Census Tract 9804.01, San Francisco County, California","Census Tract 9804.01, San Francisco County, California",ca,140,0,ACSSF,9176,,,,,6,75,,,,980401,,,,,,,,,,,,,,,,,,,,,,,,,,,,,,,,,,,14000US06075980401,,,419323,247501289,0,0,0,0.161901522,0,0,0,0,0,0,0,0,0,0,0,0,0,0,0,0,0,0,0,0,0,0,0,0,0,0,0,0,0,0,0,0,0,,0,0,0,0,0,0,0,0,0
6075980501,"Census Tract 9805.01, San Francisco County, California","Census Tract 9805.01, San Francisco County, California",ca,140,0,ACSSF,9177,,,,,6,75,,,,980501,,,,,,,,,,,,,,,,,,,,,,,,,,,,,,,,,,,14000US06075980501,,,1577313,9769,782,782,1284.064,0.60900398,782,340,442,782,21,61,51,13,104,89,70,80,107,36,122,28,782,35,147,0,340,118,111,31,276,176,118,58,20,38,100,32,68,16016,301,276,41,235,782,287,184,471,311
6075980600,"Census Tract 9806, San Francisco County, California","Census Tract 9806, San Francisco County, California",ca,140,0,ACSSF,9178,,,,,6,75,,,,980600,,,,,,,,,,,,,,,,,,,,,,,,,,,,,,,,,,,14000US06075980600,,,2132296,2016109,513,513,623.1141,0.823284123,513,291,222,513,20,12,54,18,23,48,50,120,80,69,19,0,513,166,230,0,108,0,5,4,197,128,70,58,4,54,69,49,20,68958,249,197,143,54,513,193,24,217,296
6075980900,"Census Tract 9809, San Francisco County, California","Census Tract 9809, San Francisco County, California",ca,140,0,ACSSF,9179,,,,,6,75,,,,980900,,,,,,,,,,,,,,,,,,,,,,,,,,,,,,,,,,,14000US06075980900,,,3585237,260707,242,242,174.8217,1.384267804,242,135,107,242,29,6,4,0,4,56,76,58,9,0,0,0,242,176,4,0,35,0,17,10,136,56,40,16,6,10,80,48,32,103750,178,136,16,120,242,42,24,66,176
6075990100,"Census Tract 9901, San Francisco County, California","Census Tract 9901, San Francisco County, California",ca,140,0,ACSSF,9180,,,,,6,75,,,,990100,,,,,,,,,,,,,,,,,,,,,,,,,,,,,,,,,,,14000US06075990100,,,0,70939179,0,0,,0,0,0,0,0,0,0,0,0,0,0,0,0,0,0,0,0,0,0,0,0,0,0,0,0,0,0,0,0,0,0,0,0,0,,0,0,0,0,0,0,0,0,0
